statistics_accidents_on_road,coating_humidity,quality_coating,traffic_congestion,width_road,allowed_max_speed,allowed_min_speed,turns_route,tangles_turns_on_route,has_marking_applied,confidence_on_road,driving_experience,age,total_traffic_violations,total_offenses,number_accidents,marginality_population,wind_direction,wind_speed,accident_occurred
0.35,0.11,0.85,0.25,8,120,0,5,"[6, 67, 24, 19, 15]",True,0.52,29,30,2,1,5,0.5,forward,15,0
0.11,0.13,0.99,0.72,7,80,0,6,"[71, 71, 87, 22, 61, 65]",True,0.61,22,49,6,1,1,0.34,after,14,0
0.41,0.19,0.71,0.27,9,80,0,9,"[22, 80, 89, 37, 39, 9, 71, 79, 27]",False,0.8,6,23,7,3,5,0.45,right,13,1
0.34,0.42,0.7,0.39,8,100,0,8,"[75, 90, 70, 90, 88, 60, 5, 78]",True,0.76,3,36,3,0,0,0.33,left,13,1
0.21,0.55,0.95,0.77,6,100,0,10,"[80, 68, 36, 77, 68, 84, 23, 23, 68, 41]",False,0.52,10,53,5,2,3,0.14,forward,2,1
0.31,0.32,0.85,0.5,7,50,0,2,"[84, 33]",False,0.87,15,19,0,1,5,0.23,forward,2,1
0.14,0.21,0.9,0.55,7,100,0,7,"[8, 83, 32, 33, 80, 9, 73]",False,0.65,6,66,6,2,4,0.01,left,1,1
0.48,0.52,0.52,0.29,6,50,0,9,"[5, 66, 72, 90, 39, 56, 54, 74, 26]",False,0.67,9,33,1,0,0,0.12,forward,14,0
0.44,0.54,0.84,0.25,8,60,0,3,"[74, 71, 74]",False,0.72,28,46,5,0,0,0.4,front,9,0
0.17,0.3,0.6,0.74,10,120,0,3,"[86, 15, 34]",True,0.86,9,29,9,0,1,0.48,forward,7,1
0.49,0.36,0.78,0.61,10,120,0,6,"[30, 56, 6, 7, 42, 50]",False,0.57,22,57,0,2,5,0.44,right,2,0
0.32,0.09,0.88,0.11,8,60,0,8,"[76, 59, 21, 56, 82, 90, 48, 24]",False,0.88,26,68,1,2,0,0.43,left,0,0
0.42,0.46,0.68,0.33,10,120,0,7,"[34, 60, 74, 82, 21, 41, 74]",True,0.78,22,39,4,2,3,0.48,left,6,0
0.39,0.6,0.96,0.71,10,120,0,9,"[25, 39, 82, 70, 79, 56, 62, 41, 66]",True,0.54,22,65,3,1,5,0.03,forward,0,0
0.23,0.0,0.72,0.26,7,120,0,4,"[13, 66, 34, 28]",False,0.77,28,70,3,3,4,0.12,forward,13,0
0.12,0.15,0.76,0.52,6,60,0,5,"[81, 89, 42, 57, 57]",False,0.69,16,66,4,1,2,0.48,after,1,0
0.17,0.16,0.61,0.7,7,50,0,9,"[46, 37, 28, 20, 64, 14, 22, 43, 55]",True,0.83,22,27,7,3,4,0.45,front,4,0
0.23,0.32,0.72,0.71,10,50,0,2,"[32, 82]",True,0.94,7,61,1,1,0,0.03,right,14,0
0.32,0.4,0.86,0.1,9,100,0,8,"[74, 27, 90, 85, 75, 44, 20, 19]",True,0.55,5,61,6,3,1,0.18,right,6,1
0.41,0.22,0.79,0.41,9,80,0,3,"[53, 8, 45]",True,0.79,9,25,6,1,1,0.03,forward,2,1
0.11,0.05,0.54,0.19,6,120,0,9,"[50, 52, 41, 26, 55, 79, 45, 15, 47]",False,0.74,14,18,6,0,3,0.32,front,13,1
0.35,0.36,0.61,0.57,9,60,0,3,"[29, 43, 61]",False,0.66,16,39,5,2,3,0.19,left,14,1
0.43,0.21,0.74,0.58,8,50,0,8,"[8, 72, 52, 7, 32, 79, 46, 62]",False,0.99,20,46,9,1,5,0.44,right,5,1
0.29,0.04,0.7,0.21,7,100,0,10,"[15, 56, 78, 34, 46, 77, 27, 46, 61, 58]",False,0.83,13,53,6,1,1,0.27,right,2,1
0.31,0.19,0.86,0.57,10,80,0,9,"[68, 40, 79, 47, 66, 54, 26, 61, 38]",False,0.56,25,24,4,3,0,0.13,right,12,0
0.14,0.32,0.68,0.75,9,80,0,6,"[83, 36, 68, 18, 19, 59]",False,0.98,12,58,5,2,5,0.26,left,8,1
0.3,0.54,0.56,0.19,9,120,0,5,"[79, 50, 10, 70, 71]",False,0.53,12,40,7,0,0,0.42,front,6,1
0.47,0.16,0.68,0.22,7,50,0,8,"[59, 10, 72, 17, 25, 74, 59, 81]",False,0.98,15,54,2,0,4,0.33,forward,6,1
0.45,0.58,0.82,0.18,10,100,0,8,"[52, 38, 56, 64, 83, 35, 33, 5]",False,0.59,22,40,9,3,5,0.02,left,12,0
0.2,0.1,0.91,0.62,7,60,0,9,"[40, 26, 13, 20, 7, 70, 48, 52, 16]",False,0.85,12,31,3,1,0,0.48,front,11,0
0.44,0.51,0.51,0.48,10,50,0,6,"[87, 68, 56, 40, 43, 48]",False,0.94,2,56,2,2,2,0.38,forward,8,1
0.35,0.15,0.89,0.64,6,100,0,9,"[8, 61, 77, 87, 35, 62, 55, 71, 24]",True,0.76,5,69,0,0,5,0.05,left,14,1
0.14,0.09,0.92,0.43,8,100,0,6,"[74, 74, 50, 28, 64, 45]",True,0.82,2,51,9,2,3,0.32,after,3,1
0.21,0.3,0.92,0.67,9,120,0,9,"[70, 38, 74, 87, 41, 50, 69, 12, 41]",False,0.68,1,64,0,3,1,0.39,after,0,1
0.45,0.53,0.98,0.19,7,60,0,8,"[24, 80, 56, 86, 38, 21, 16, 68]",False,0.69,10,56,5,0,2,0.46,forward,4,1
0.24,0.46,0.81,0.22,9,80,0,8,"[57, 63, 58, 9, 37, 9, 56, 71]",True,0.81,7,51,9,0,3,0.05,right,1,1
0.19,0.3,0.65,0.57,6,120,0,2,"[8, 26]",False,0.82,26,20,7,2,0,0.28,left,12,0
0.24,0.04,0.7,0.27,8,80,0,9,"[55, 35, 36, 57, 24, 45, 67, 61, 43]",True,0.51,30,48,6,1,5,0.07,left,2,0
0.25,0.09,0.56,0.1,9,120,0,10,"[17, 68, 47, 32, 59, 19, 49, 25, 33, 35]",False,0.7,4,66,5,1,2,0.39,left,6,1
0.12,0.56,0.63,0.69,6,50,0,2,"[43, 75]",True,0.5,27,25,3,0,2,0.05,forward,7,0
0.28,0.59,0.56,0.61,6,60,0,3,"[71, 89, 51]",False,0.79,14,18,0,2,3,0.17,after,2,1
0.46,0.14,0.67,0.32,7,120,0,5,"[88, 58, 20, 36, 10]",False,0.6,4,46,1,0,5,0.39,front,7,1
0.1,0.39,0.8,0.66,6,60,0,10,"[72, 42, 56, 70, 56, 53, 87, 45, 7, 87]",False,0.82,7,39,3,0,4,0.11,forward,10,0
0.38,0.54,0.7,0.53,6,50,0,9,"[66, 75, 24, 49, 88, 73, 79, 63, 89]",False,0.85,21,19,0,2,2,0.37,after,6,1
0.12,0.11,0.66,0.14,10,60,0,8,"[75, 68, 37, 84, 79, 48, 44, 64]",True,0.92,11,21,2,3,1,0.01,right,15,0
0.17,0.07,0.87,0.21,10,60,0,8,"[61, 59, 62, 82, 54, 61, 44, 45]",False,0.52,20,36,6,0,5,0.16,left,7,0
0.22,0.02,0.71,0.41,7,80,0,5,"[28, 10, 71, 73, 21]",False,0.59,25,42,5,0,4,0.21,right,9,0
0.44,0.24,0.65,0.67,8,60,0,5,"[30, 52, 20, 28, 40]",False,0.72,9,27,10,2,5,0.17,forward,10,1
0.15,0.22,0.91,0.66,9,120,0,10,"[69, 47, 30, 31, 7, 83, 32, 85, 19, 89]",False,0.86,3,34,0,1,2,0.38,left,14,1
0.47,0.5,0.81,0.48,7,80,0,7,"[5, 33, 11, 24, 21, 66, 26]",True,0.88,15,26,5,1,0,0.38,left,15,0
0.32,0.21,0.53,0.28,8,60,0,7,"[29, 16, 72, 85, 75, 65, 53]",False,0.99,4,35,5,3,5,0.23,forward,12,1
0.44,0.09,0.72,0.24,9,60,0,2,"[71, 34]",True,0.82,3,44,3,0,5,0.09,left,13,1
0.15,0.3,0.99,0.25,9,120,0,4,"[39, 19, 88, 36]",True,0.54,1,62,3,3,2,0.21,right,10,1
0.45,0.04,0.55,0.57,8,50,0,4,"[23, 84, 62, 9]",True,0.61,7,24,9,1,5,0.19,forward,7,1
0.17,0.08,0.73,0.78,9,50,0,5,"[82, 29, 80, 70, 19]",False,0.8,23,57,7,3,4,0.22,front,0,0
0.12,0.44,0.64,0.36,10,100,0,8,"[62, 65, 7, 69, 37, 52, 53, 29]",False,0.93,20,61,10,1,1,0.21,after,12,0
0.36,0.54,0.75,0.35,10,100,0,8,"[51, 27, 64, 55, 35, 17, 84, 48]",True,0.53,9,59,7,2,3,0.17,forward,0,1
0.36,0.42,0.92,0.23,7,50,0,7,"[51, 19, 62, 15, 14, 83, 66]",False,0.82,12,26,2,2,4,0.14,forward,1,0
0.39,0.21,0.69,0.14,8,50,0,9,"[25, 74, 62, 71, 41, 22, 6, 63, 20]",False,0.54,28,45,1,0,5,0.2,right,3,0
0.34,0.38,0.56,0.3,8,120,0,8,"[10, 18, 48, 17, 68, 39, 14, 7]",False,0.74,16,70,6,2,0,0.31,front,1,0
0.22,0.01,0.84,0.63,8,60,0,6,"[71, 25, 59, 21, 60, 61]",False,0.51,29,66,0,3,5,0.32,forward,0,0
0.37,0.37,0.65,0.38,8,100,0,6,"[37, 66, 57, 66, 54, 6]",True,0.64,16,49,8,3,2,0.33,right,9,0
0.3,0.45,0.6,0.46,6,80,0,4,"[35, 72, 48, 77]",False,0.88,2,34,5,3,3,0.27,after,5,1
0.27,0.1,0.68,0.27,7,80,0,5,"[51, 13, 90, 17, 23]",True,0.63,28,18,7,3,0,0.47,after,2,0
0.35,0.42,0.78,0.31,10,60,0,9,"[7, 83, 85, 81, 71, 29, 53, 25, 5]",False,0.64,30,53,0,2,2,0.23,right,14,0
0.18,0.31,0.52,0.11,10,50,0,3,"[55, 17, 26]",False,0.64,11,27,3,0,1,0.11,after,4,1
0.46,0.55,0.72,0.22,6,120,0,3,"[5, 81, 43]",False,0.86,4,27,10,1,4,0.41,forward,3,1
0.4,0.27,0.69,0.62,9,60,0,3,"[60, 33, 50]",True,0.51,22,38,1,1,1,0.02,forward,9,0
0.22,0.51,0.87,0.53,8,120,0,7,"[83, 8, 52, 51, 76, 39, 21]",True,0.62,16,31,3,3,1,0.04,right,6,0
0.28,0.1,0.7,0.22,10,80,0,7,"[23, 41, 84, 70, 42, 66, 52]",True,1.0,18,48,1,1,3,0.47,front,14,1
0.32,0.43,0.53,0.49,8,50,0,3,"[35, 6, 61]",True,0.63,21,25,1,3,1,0.21,after,13,0
0.49,0.03,0.52,0.4,6,120,0,4,"[58, 18, 60, 31]",True,0.76,27,50,4,2,5,0.49,forward,6,0
0.13,0.08,0.7,0.19,6,50,0,10,"[33, 87, 87, 52, 19, 72, 24, 75, 25, 79]",True,0.71,15,55,2,3,0,0.39,left,15,0
0.26,0.34,0.76,0.72,10,80,0,5,"[7, 53, 17, 13, 81]",False,0.71,14,41,0,0,1,0.49,front,7,1
0.26,0.19,0.61,0.31,6,60,0,9,"[28, 76, 60, 23, 7, 56, 34, 80, 27]",True,0.52,29,64,3,0,4,0.28,right,6,0
0.22,0.43,0.74,0.35,9,60,0,5,"[82, 71, 58, 34, 85]",True,0.78,1,35,9,0,4,0.34,forward,7,1
0.15,0.41,0.97,0.5,9,120,0,4,"[18, 16, 71, 51]",False,0.82,28,57,3,3,4,0.31,front,5,0
0.21,0.51,0.94,0.59,8,50,0,3,"[72, 17, 22]",True,0.82,5,55,7,2,2,0.04,forward,2,1
0.13,0.54,0.95,0.53,9,50,0,10,"[58, 70, 79, 79, 72, 49, 37, 63, 31, 53]",False,0.65,24,40,5,1,0,0.31,right,9,0
0.37,0.45,0.9,0.28,6,80,0,7,"[66, 32, 73, 60, 50, 41, 40]",False,0.85,6,37,7,0,1,0.38,left,8,1
0.28,0.14,0.82,0.14,6,80,0,5,"[79, 75, 34, 69, 25]",False,0.79,22,70,1,1,3,0.08,right,10,0
0.2,0.16,0.85,0.5,6,120,0,10,"[81, 41, 30, 12, 60, 80, 33, 65, 74, 16]",False,0.5,18,38,6,0,4,0.31,forward,2,1
0.12,0.33,0.86,0.71,10,50,0,8,"[79, 41, 67, 79, 14, 70, 7, 5]",False,0.62,23,31,5,0,3,0.44,left,5,0
0.24,0.24,0.96,0.26,10,60,0,3,"[52, 54, 14]",False,0.57,30,41,8,1,0,0.24,forward,2,0
0.4,0.57,0.63,0.33,10,100,0,9,"[38, 52, 90, 22, 14, 30, 10, 52, 61]",False,0.77,2,62,10,0,3,0.4,left,7,1
0.23,0.57,0.64,0.62,7,60,0,5,"[7, 64, 29, 53, 69]",True,0.85,30,23,4,1,0,0.23,left,10,0
0.15,0.17,0.73,0.76,6,80,0,5,"[72, 19, 25, 51, 10]",False,0.9,14,21,10,0,1,0.41,forward,0,0
0.21,0.49,0.7,0.56,8,60,0,5,"[19, 62, 65, 27, 48]",True,0.57,16,47,2,2,3,0.4,after,8,0
0.32,0.04,0.81,0.18,9,60,0,4,"[52, 79, 17, 77]",True,0.67,6,52,5,2,2,0.35,after,4,1
0.12,0.1,0.61,0.21,7,60,0,6,"[84, 76, 18, 43, 32, 16]",True,0.74,18,53,6,3,4,0.31,after,4,0
0.24,0.03,0.95,0.24,10,100,0,6,"[38, 51, 85, 35, 80, 8]",True,0.7,22,59,4,3,3,0.47,after,3,0
0.13,0.41,0.93,0.57,10,60,0,5,"[87, 49, 23, 29, 17]",False,0.7,12,64,10,0,2,0.32,after,12,1
0.25,0.46,0.62,0.34,9,120,0,8,"[14, 44, 30, 73, 76, 50, 50, 39]",True,0.57,12,29,1,3,4,0.22,forward,11,1
0.4,0.16,0.5,0.22,8,80,0,3,"[14, 70, 9]",True,0.98,2,47,4,3,0,0.21,forward,14,1
0.48,0.15,0.67,0.43,9,120,0,6,"[13, 19, 85, 79, 19, 20]",True,0.66,18,70,1,2,5,0.04,forward,1,1
0.16,0.47,0.96,0.76,9,80,0,10,"[73, 23, 33, 30, 34, 37, 27, 77, 35, 64]",False,0.79,16,33,8,1,2,0.06,right,6,1
0.18,0.11,0.67,0.44,10,80,0,8,"[8, 30, 73, 6, 47, 86, 41, 66]",True,0.54,30,45,4,0,3,0.18,front,7,0
0.24,0.19,0.84,0.12,10,120,0,9,"[14, 23, 19, 77, 12, 32, 80, 34, 84]",True,0.69,4,30,2,0,4,0.3,forward,6,1
0.25,0.13,0.62,0.12,10,50,0,2,"[57, 10]",True,0.7,28,69,1,2,1,0.07,right,9,0
0.3,0.34,0.58,0.26,9,80,0,2,"[20, 51]",False,0.83,30,37,10,3,5,0.07,after,8,0
0.23,0.46,0.91,0.53,8,100,0,5,"[16, 53, 45, 54, 59]",True,0.94,26,18,0,0,1,0.27,front,8,0
0.11,0.27,0.77,0.71,9,120,0,6,"[87, 75, 53, 89, 48, 8]",True,0.65,11,62,7,0,2,0.3,front,8,1
0.44,0.36,0.8,0.15,7,60,0,7,"[14, 27, 28, 40, 70, 40, 57]",True,0.54,9,70,5,0,0,0.24,front,2,1
0.27,0.52,0.59,0.32,8,60,0,5,"[88, 26, 54, 47, 71]",False,0.87,28,25,9,1,4,0.34,right,15,0
0.22,0.48,0.6,0.54,7,100,0,7,"[44, 55, 10, 87, 85, 25, 55]",True,0.95,12,38,10,3,1,0.26,front,11,1
0.12,0.17,0.63,0.35,10,50,0,9,"[44, 13, 43, 49, 27, 68, 64, 9, 54]",True,0.76,8,70,6,2,4,0.24,right,6,0
0.21,0.09,0.61,0.14,8,120,0,7,"[90, 53, 11, 12, 38, 47, 42]",False,0.95,22,20,0,1,2,0.45,left,1,0
0.1,0.01,0.64,0.71,7,80,0,3,"[76, 32, 47]",False,0.97,10,29,3,0,0,0.27,forward,9,1
0.45,0.46,0.5,0.49,8,50,0,5,"[67, 50, 47, 64, 56]",True,0.89,2,62,0,1,5,0.33,right,14,1
0.23,0.03,0.67,0.53,7,120,0,7,"[42, 79, 63, 71, 51, 26, 42]",False,0.93,4,19,6,1,1,0.06,left,3,1
0.16,0.18,0.68,0.69,6,120,0,10,"[28, 45, 65, 25, 66, 8, 30, 45, 11, 44]",False,0.66,5,62,2,0,5,0.27,after,7,1
0.43,0.44,0.95,0.45,6,120,0,3,"[11, 87, 57]",True,1.0,10,67,10,2,4,0.25,forward,6,1
0.36,0.59,0.61,0.53,9,50,0,5,"[89, 65, 40, 63, 9]",False,0.55,26,57,7,3,4,0.28,forward,8,1
0.22,0.24,0.82,0.66,8,60,0,2,"[59, 9]",False,0.67,22,45,7,2,5,0.48,right,8,0
0.17,0.49,0.8,0.71,7,50,0,9,"[75, 20, 60, 40, 50, 31, 45, 7, 36]",True,1.0,21,47,0,1,2,0.46,left,5,1
0.41,0.1,0.67,0.68,7,50,0,9,"[16, 88, 63, 75, 43, 44, 33, 22, 25]",False,0.74,22,26,4,0,5,0.18,forward,4,1
0.18,0.24,0.97,0.67,9,60,0,4,"[10, 56, 54, 5]",False,0.56,24,35,7,1,1,0.2,after,6,0
0.35,0.11,0.78,0.3,10,80,0,7,"[44, 25, 78, 83, 21, 88, 78]",False,0.98,20,43,4,0,3,0.26,right,5,1
0.47,0.15,0.71,0.64,9,100,0,6,"[23, 81, 66, 53, 13, 15]",False,0.69,29,65,2,0,4,0.2,left,6,0
0.11,0.54,0.94,0.54,10,100,0,4,"[84, 21, 47, 23]",False,0.7,1,30,0,0,2,0.13,right,5,1
0.46,0.44,0.88,0.78,9,50,0,10,"[28, 77, 29, 37, 50, 11, 53, 5, 52, 18]",True,0.81,7,35,8,1,4,0.03,right,6,1
0.28,0.18,0.53,0.13,9,80,0,3,"[78, 49, 11]",False,0.56,29,23,0,0,2,0.5,left,8,0
0.21,0.04,0.91,0.72,8,120,0,4,"[39, 17, 87, 21]",True,0.89,16,20,3,1,5,0.46,after,2,0
0.38,0.33,0.7,0.4,10,60,0,5,"[73, 10, 8, 11, 16]",False,0.65,3,38,9,0,2,0.21,right,4,1
0.22,0.19,0.89,0.13,9,60,0,2,"[29, 35]",True,0.51,2,56,7,2,3,0.37,forward,6,1
0.26,0.46,0.84,0.32,7,120,0,6,"[26, 81, 68, 33, 34, 47]",False,0.61,13,43,6,2,3,0.2,front,12,1
0.17,0.43,0.91,0.16,8,80,0,8,"[64, 59, 66, 22, 71, 76, 53, 70]",False,0.77,15,21,1,1,2,0.32,left,9,0
0.43,0.48,0.53,0.63,10,120,0,5,"[7, 69, 43, 34, 30]",False,0.9,7,41,1,0,3,0.05,forward,9,1
0.18,0.56,0.97,0.22,10,120,0,8,"[77, 44, 81, 80, 78, 16, 13, 30]",True,0.87,25,19,0,2,3,0.08,right,0,0
0.1,0.47,0.52,0.66,9,80,0,3,"[73, 16, 86]",False,0.91,7,39,9,1,0,0.4,right,5,1
0.18,0.21,0.84,0.14,10,50,0,5,"[9, 75, 9, 44, 21]",True,0.74,22,51,7,2,4,0.05,after,14,0
0.45,0.56,0.79,0.4,7,60,0,8,"[22, 56, 81, 76, 90, 77, 15, 84]",False,0.96,19,20,1,1,3,0.34,forward,1,0
0.22,0.46,0.82,0.44,10,100,0,6,"[61, 58, 80, 29, 77, 17]",False,0.61,18,63,2,0,3,0.24,right,14,0
0.37,0.12,0.63,0.69,6,50,0,8,"[10, 76, 77, 17, 24, 50, 64, 67]",False,0.84,15,70,6,3,2,0.24,right,9,1
0.15,0.55,0.53,0.73,10,80,0,3,"[18, 66, 78]",False,0.6,26,62,0,1,2,0.43,right,8,0
0.23,0.33,0.66,0.3,8,120,0,7,"[71, 12, 43, 19, 90, 86, 50]",False,0.59,26,31,9,2,5,0.17,front,0,0
0.5,0.56,0.63,0.49,10,100,0,10,"[10, 8, 14, 88, 64, 59, 87, 41, 9, 56]",False,0.59,19,45,7,3,4,0.31,front,5,1
0.39,0.18,0.6,0.2,6,120,0,6,"[42, 28, 43, 59, 66, 21]",False,0.59,7,67,1,1,5,0.08,right,15,1
0.21,0.57,0.87,0.26,8,80,0,10,"[29, 60, 89, 66, 66, 14, 81, 81, 65, 35]",False,0.94,4,34,7,0,5,0.35,after,12,1
0.18,0.25,0.84,0.3,8,60,0,9,"[21, 89, 50, 36, 9, 38, 28, 70, 62]",False,0.75,30,31,7,3,5,0.03,front,1,0
0.28,0.52,0.67,0.31,6,100,0,10,"[28, 37, 86, 7, 15, 35, 67, 39, 53, 76]",False,0.52,16,38,7,3,1,0.15,front,9,0
0.23,0.59,0.78,0.39,10,50,0,5,"[34, 53, 64, 69, 74]",True,0.81,21,23,8,1,0,0.48,front,14,0
0.18,0.09,0.89,0.53,7,50,0,6,"[5, 20, 65, 55, 8, 14]",True,0.87,28,20,6,2,2,0.37,left,2,0
0.4,0.51,0.55,0.16,6,120,0,7,"[53, 48, 80, 13, 21, 46, 50]",True,0.73,9,24,8,1,1,0.12,after,4,1
0.43,0.24,0.87,0.79,7,60,0,9,"[51, 6, 57, 41, 67, 33, 35, 64, 80]",True,0.88,24,25,1,0,3,0.04,right,13,0
0.47,0.5,0.63,0.38,7,120,0,5,"[87, 23, 74, 8, 84]",True,0.8,19,59,4,0,5,0.12,forward,6,1
0.13,0.32,0.73,0.46,7,100,0,2,"[43, 85]",True,0.52,3,37,4,2,4,0.05,front,12,1
0.2,0.58,0.54,0.44,10,60,0,2,"[52, 23]",False,0.53,25,30,8,0,5,0.48,after,6,1
0.47,0.24,0.53,0.11,10,100,0,8,"[70, 83, 57, 25, 29, 76, 79, 71]",False,0.78,2,67,3,0,3,0.06,left,9,1
0.46,0.45,0.54,0.59,10,50,0,3,"[41, 50, 47]",True,0.64,14,64,0,0,5,0.18,forward,5,1
0.21,0.31,0.94,0.15,8,120,0,7,"[37, 66, 33, 73, 40, 86, 47]",True,0.67,17,67,2,0,2,0.26,left,4,0
0.26,0.15,0.53,0.61,7,80,0,6,"[80, 67, 85, 6, 26, 54]",True,0.72,8,28,7,0,5,0.15,after,6,1
0.15,0.19,0.95,0.38,6,80,0,6,"[52, 9, 33, 70, 31, 52]",True,0.74,7,58,6,1,0,0.07,forward,12,1
0.22,0.56,0.59,0.53,6,50,0,3,"[37, 70, 86]",False,0.96,28,24,3,2,2,0.22,left,4,0
0.29,0.24,1.0,0.23,10,80,0,9,"[6, 52, 24, 82, 71, 54, 76, 50, 24]",True,0.6,20,29,4,2,4,0.3,front,6,0
0.29,0.05,0.56,0.68,7,50,0,4,"[19, 41, 12, 74]",True,0.6,5,33,9,3,2,0.5,forward,6,1
0.44,0.02,0.86,0.17,7,100,0,9,"[57, 24, 27, 50, 26, 75, 22, 85, 67]",False,0.75,3,64,8,0,0,0.03,right,12,1
0.2,0.4,0.68,0.78,10,50,0,3,"[24, 14, 68]",False,0.7,5,25,9,0,5,0.0,forward,1,1
0.41,0.42,0.99,0.13,7,60,0,5,"[60, 16, 73, 7, 79]",False,0.56,30,36,8,3,4,0.33,after,9,0
0.21,0.24,0.68,0.41,10,50,0,2,"[45, 85]",True,0.82,18,68,2,2,4,0.33,left,7,0
0.29,0.38,0.55,0.41,8,50,0,7,"[74, 80, 66, 58, 32, 75, 73]",True,0.79,4,49,5,3,3,0.02,right,3,1
0.2,0.13,0.97,0.2,8,120,0,4,"[33, 25, 32, 17]",True,0.81,26,59,9,3,5,0.43,after,12,0
0.47,0.23,0.85,0.22,8,100,0,9,"[54, 43, 34, 8, 64, 58, 22, 28, 73]",False,0.54,19,32,7,0,0,0.11,right,10,0
0.1,0.43,0.84,0.59,8,100,0,5,"[10, 42, 17, 73, 20]",True,0.75,26,33,2,0,5,0.32,forward,2,0
0.43,0.33,0.87,0.12,6,80,0,5,"[62, 71, 14, 21, 19]",False,0.62,6,48,8,2,5,0.13,left,9,1
0.3,0.28,0.55,0.8,6,120,0,5,"[44, 10, 83, 77, 89]",True,0.6,30,66,4,0,1,0.07,front,9,0
0.4,0.14,0.73,0.5,8,80,0,2,"[49, 68]",False,0.84,5,60,1,2,2,0.32,forward,5,1
0.4,0.19,0.69,0.29,6,100,0,2,"[37, 42]",False,0.61,8,18,4,3,0,0.32,after,9,1
0.31,0.03,0.68,0.46,10,60,0,3,"[43, 63, 52]",False,0.95,15,63,6,1,5,0.14,right,4,0
0.43,0.32,0.91,0.19,8,50,0,9,"[20, 20, 10, 28, 20, 67, 81, 69, 78]",True,0.75,9,61,6,2,4,0.46,forward,12,1
0.27,0.28,0.63,0.31,6,80,0,5,"[42, 76, 60, 34, 35]",True,0.61,2,48,4,3,5,0.09,after,2,1
0.34,0.15,0.61,0.68,6,80,0,8,"[82, 8, 65, 84, 23, 12, 83, 54]",False,0.73,21,67,4,2,4,0.48,after,1,0
0.21,0.41,0.57,0.77,9,100,0,6,"[87, 43, 75, 5, 65, 39]",True,0.84,26,65,2,3,4,0.28,after,2,0
0.27,0.25,0.99,0.13,7,80,0,4,"[24, 72, 10, 8]",True,1.0,18,53,6,0,2,0.3,front,6,0
0.4,0.36,0.79,0.4,10,100,0,7,"[80, 29, 26, 5, 67, 21, 17]",True,0.51,2,22,7,2,1,0.03,front,9,1
0.12,0.51,0.95,0.46,9,60,0,2,"[18, 51]",True,0.72,6,19,0,3,5,0.28,after,11,1
0.21,0.36,0.62,0.77,7,60,0,3,"[74, 27, 53]",False,0.61,28,23,7,3,4,0.15,forward,6,0
0.14,0.41,0.62,0.12,10,80,0,5,"[88, 53, 54, 28, 27]",True,0.84,4,20,4,1,1,0.49,front,0,1
0.45,0.1,0.75,0.6,8,80,0,5,"[39, 84, 15, 77, 84]",True,0.53,29,29,6,3,1,0.28,forward,12,0
0.26,0.1,0.95,0.46,7,60,0,4,"[16, 7, 48, 15]",False,0.68,17,55,9,3,3,0.38,left,7,0
0.27,0.11,0.94,0.19,6,80,0,7,"[82, 50, 47, 84, 69, 60, 33]",False,0.93,2,27,6,1,4,0.05,left,4,1
0.18,0.31,0.85,0.67,7,120,0,3,"[27, 22, 15]",False,0.75,1,40,2,3,4,0.09,front,7,1
0.25,0.01,0.95,0.51,6,100,0,4,"[10, 17, 88, 5]",True,0.96,11,62,9,0,3,0.4,front,0,0
0.31,0.18,0.99,0.14,10,120,0,2,"[40, 72]",True,0.61,22,42,0,3,3,0.01,left,9,0
0.13,0.1,0.83,0.44,8,60,0,6,"[51, 42, 50, 90, 47, 84]",False,0.58,16,31,3,2,3,0.34,right,9,0
0.29,0.23,0.92,0.52,9,80,0,6,"[17, 52, 23, 24, 9, 78]",True,0.84,11,25,9,3,2,0.24,after,12,0
0.47,0.41,0.89,0.44,10,120,0,4,"[60, 52, 62, 28]",True,0.68,16,37,4,1,4,0.23,forward,2,0
0.24,0.41,0.93,0.8,10,80,0,7,"[70, 55, 15, 33, 63, 51, 46]",False,0.8,27,34,6,0,4,0.25,front,11,0
0.42,0.15,0.85,0.59,10,50,0,5,"[13, 48, 66, 66, 9]",True,0.52,24,67,3,3,4,0.05,right,12,0
0.38,0.26,0.88,0.27,9,80,0,8,"[48, 20, 11, 34, 75, 36, 86, 14]",True,0.98,22,52,3,0,0,0.18,forward,9,0
0.31,0.5,0.64,0.34,9,60,0,4,"[46, 18, 46, 43]",True,0.97,18,33,7,2,0,0.09,left,6,0
0.43,0.15,0.59,0.73,7,100,0,4,"[49, 6, 31, 51]",False,0.5,15,43,7,0,2,0.44,left,5,1
0.16,0.55,0.5,0.43,10,100,0,6,"[19, 67, 37, 41, 75, 60]",True,0.62,30,44,0,3,3,0.24,right,11,0
0.11,0.22,0.68,0.77,8,120,0,2,"[18, 30]",True,0.52,1,55,9,1,0,0.16,left,6,1
0.16,0.08,0.91,0.49,8,120,0,10,"[54, 5, 42, 80, 22, 23, 26, 55, 11, 77]",False,0.88,15,51,10,0,0,0.23,forward,2,0
0.32,0.11,0.9,0.44,6,120,0,6,"[9, 49, 9, 7, 30, 47]",True,0.93,10,41,1,1,5,0.08,after,8,0
0.49,0.29,0.86,0.59,7,80,0,5,"[41, 17, 42, 80, 14]",False,0.86,9,54,2,1,2,0.41,forward,4,0
0.12,0.5,0.99,0.26,9,80,0,9,"[12, 40, 12, 50, 17, 53, 61, 33, 6]",True,0.69,11,46,3,0,0,0.11,forward,7,0
0.15,0.27,0.78,0.48,9,50,0,10,"[54, 73, 82, 73, 14, 60, 42, 69, 58, 26]",False,0.57,4,30,10,1,3,0.31,right,5,1
0.15,0.29,0.86,0.75,7,50,0,3,"[24, 56, 48]",True,0.53,12,26,7,1,0,0.36,right,7,0
0.28,0.0,0.81,0.22,6,60,0,5,"[41, 49, 58, 65, 12]",True,0.52,10,52,6,1,3,0.02,right,1,0
0.31,0.36,0.77,0.39,10,100,0,8,"[69, 79, 54, 73, 55, 27, 6, 26]",False,0.84,12,55,4,0,5,0.08,forward,5,0
0.11,0.29,0.52,0.5,8,60,0,10,"[27, 23, 76, 7, 22, 67, 59, 31, 49, 10]",False,0.6,16,34,1,3,2,0.16,forward,2,0
0.31,0.08,0.8,0.43,9,120,0,3,"[6, 8, 84]",True,0.51,25,46,5,1,3,0.09,left,9,0
0.45,0.45,0.91,0.13,9,120,0,2,"[48, 81]",True,0.7,13,18,7,2,3,0.35,left,14,1
0.43,0.05,0.78,0.58,9,80,0,4,"[20, 66, 66, 33]",True,0.71,19,40,7,2,2,0.47,forward,2,1
0.46,0.5,0.62,0.31,9,60,0,6,"[82, 55, 29, 64, 41, 28]",True,0.92,23,36,1,1,1,0.09,forward,5,0
0.42,0.02,0.54,0.61,6,60,0,7,"[6, 21, 13, 22, 48, 68, 88]",False,0.86,30,24,5,3,4,0.19,right,3,0
0.11,0.48,0.75,0.75,6,80,0,4,"[46, 5, 59, 68]",True,0.71,9,67,6,2,5,0.41,forward,2,1
0.43,0.49,0.75,0.32,6,100,0,9,"[75, 15, 67, 10, 57, 27, 89, 50, 77]",False,0.71,20,45,1,1,5,0.21,left,10,1
0.3,0.34,0.82,0.59,10,50,0,8,"[56, 53, 23, 71, 43, 72, 44, 39]",False,0.52,4,57,10,1,5,0.08,front,5,1
0.14,0.06,0.64,0.7,9,80,0,8,"[14, 72, 75, 73, 63, 89, 59, 49]",True,0.78,24,51,5,3,1,0.24,left,14,0
0.3,0.12,0.64,0.78,7,80,0,2,"[32, 60]",True,0.94,20,23,3,2,0,0.48,after,9,0
0.47,0.21,0.52,0.35,6,80,0,6,"[56, 78, 33, 40, 60, 60]",True,0.97,3,60,10,1,2,0.11,left,12,1
0.48,0.54,0.88,0.21,10,80,0,9,"[51, 78, 83, 5, 88, 38, 49, 69, 32]",False,0.91,24,28,0,2,2,0.23,left,4,0
0.17,0.09,0.92,0.58,9,100,0,10,"[10, 73, 71, 62, 32, 66, 15, 45, 66, 17]",False,0.76,8,41,4,3,4,0.24,right,8,1
0.11,0.09,0.91,0.27,6,60,0,2,"[38, 79]",False,0.77,21,32,10,3,1,0.48,left,13,0
0.28,0.19,0.8,0.18,8,80,0,7,"[21, 58, 53, 75, 63, 66, 30]",False,0.68,13,38,8,0,2,0.43,forward,0,1
0.11,0.48,0.7,0.46,7,100,0,2,"[36, 22]",False,0.63,5,36,6,0,5,0.31,front,6,1
0.48,0.4,0.7,0.28,8,60,0,9,"[32, 28, 14, 59, 16, 35, 43, 33, 15]",True,0.84,8,31,2,2,4,0.49,left,15,1
0.47,0.57,0.59,0.69,7,80,0,10,"[12, 14, 85, 87, 45, 80, 35, 52, 13, 31]",True,0.98,30,69,7,0,5,0.19,left,14,1
0.41,0.45,0.82,0.45,9,50,0,5,"[28, 67, 84, 19, 21]",True,0.62,22,22,9,0,5,0.41,after,3,1
0.23,0.53,0.99,0.58,7,120,0,5,"[25, 17, 83, 34, 65]",True,0.55,17,70,2,2,3,0.27,after,13,1
0.19,0.04,0.75,0.53,7,80,0,6,"[86, 81, 74, 48, 51, 32]",True,0.8,8,63,1,2,3,0.32,forward,12,1
0.34,0.5,0.73,0.3,6,50,0,2,"[71, 63]",True,0.73,6,68,2,0,4,0.24,right,0,1
0.42,0.11,0.93,0.12,6,60,0,7,"[40, 47, 75, 63, 60, 15, 60]",True,0.86,1,41,2,2,0,0.36,right,10,1
0.4,0.46,0.85,0.71,6,80,0,10,"[53, 5, 7, 8, 20, 33, 56, 19, 31, 61]",True,0.68,10,54,5,1,1,0.31,after,6,1
0.25,0.17,0.52,0.25,9,50,0,5,"[9, 20, 7, 32, 66]",False,1.0,16,33,4,3,5,0.24,left,15,1
0.42,0.33,0.84,0.59,7,80,0,9,"[56, 72, 89, 27, 52, 77, 85, 48, 81]",False,0.59,13,40,10,3,4,0.31,right,2,1
0.32,0.08,0.76,0.38,7,80,0,3,"[87, 79, 29]",True,0.68,8,45,1,3,0,0.14,right,11,0
0.22,0.16,0.87,0.55,9,100,0,7,"[7, 88, 26, 67, 62, 41, 78]",True,0.83,14,54,6,2,0,0.18,right,0,1
0.34,0.52,0.7,0.42,7,60,0,2,"[46, 18]",True,0.6,20,51,4,2,1,0.29,after,0,0
0.22,0.55,0.74,0.46,9,80,0,4,"[14, 79, 34, 51]",False,0.55,10,24,9,2,1,0.16,after,10,1
0.34,0.5,0.69,0.8,10,100,0,4,"[38, 56, 56, 49]",True,0.6,6,64,9,1,4,0.1,front,0,1
0.5,0.59,0.63,0.8,8,100,0,4,"[25, 27, 14, 88]",True,0.83,19,41,4,3,0,0.23,front,0,1
0.27,0.06,0.7,0.71,10,100,0,10,"[26, 39, 39, 78, 63, 35, 46, 80, 18, 53]",True,0.55,24,38,10,1,4,0.46,forward,10,0
0.35,0.2,0.74,0.13,10,80,0,8,"[30, 10, 55, 44, 26, 88, 32, 59]",True,0.93,27,44,1,2,4,0.07,front,10,0
0.1,0.49,0.51,0.73,7,80,0,9,"[70, 63, 77, 29, 69, 56, 48, 24, 29]",False,0.87,4,31,2,2,4,0.42,right,7,1
0.23,0.16,0.78,0.17,6,50,0,9,"[66, 80, 70, 70, 80, 25, 33, 76, 70]",False,0.73,21,32,2,2,3,0.01,front,4,0
0.31,0.45,0.79,0.52,8,50,0,9,"[65, 25, 27, 83, 63, 22, 30, 39, 53]",False,0.65,20,45,8,3,5,0.45,forward,11,1
0.37,0.06,0.92,0.2,7,80,0,8,"[70, 63, 80, 73, 75, 64, 73, 42]",True,0.77,25,22,7,0,1,0.09,after,13,0
0.12,0.19,0.82,0.57,7,80,0,10,"[41, 36, 77, 76, 26, 24, 56, 32, 57, 61]",False,0.83,10,28,2,0,2,0.1,after,0,0
0.46,0.36,0.53,0.6,6,80,0,6,"[11, 42, 59, 69, 80, 61]",True,0.64,24,62,9,0,0,0.46,right,2,0
0.36,0.34,0.66,0.73,7,120,0,9,"[68, 74, 54, 11, 22, 80, 59, 61, 71]",False,0.92,9,39,6,3,1,0.43,front,7,1
0.17,0.22,0.73,0.4,10,120,0,6,"[75, 10, 56, 14, 64, 10]",False,0.55,26,66,2,1,3,0.44,after,1,0
0.14,0.16,1.0,0.27,8,60,0,10,"[37, 18, 36, 74, 17, 26, 51, 27, 43, 17]",False,0.88,8,40,7,2,3,0.41,right,3,1
0.42,0.12,0.96,0.22,9,100,0,8,"[73, 42, 26, 87, 55, 55, 68, 54]",False,1.0,7,63,1,2,0,0.19,forward,1,0
0.44,0.21,0.63,0.59,10,100,0,5,"[41, 15, 21, 34, 74]",False,0.66,27,20,2,2,2,0.31,forward,2,0
0.43,0.13,0.9,0.13,9,60,0,6,"[6, 35, 33, 78, 47, 31]",True,0.68,7,69,6,3,1,0.03,left,11,0
0.2,0.11,0.64,0.33,9,100,0,9,"[25, 86, 56, 57, 27, 86, 46, 62, 64]",False,0.89,29,49,10,0,5,0.03,front,12,0
0.18,0.06,0.87,0.4,10,120,0,7,"[80, 60, 31, 75, 62, 30, 62]",False,0.78,3,36,2,0,1,0.34,left,6,1
0.27,0.05,0.61,0.51,9,50,0,2,"[58, 66]",True,0.87,6,29,1,1,5,0.17,after,9,1
0.21,0.31,0.99,0.12,9,50,0,6,"[28, 81, 16, 50, 87, 75]",True,0.91,15,20,3,1,2,0.05,front,1,0
0.12,0.23,0.72,0.34,6,120,0,7,"[43, 15, 40, 79, 43, 18, 25]",False,0.61,15,66,0,2,5,0.19,front,14,0
0.26,0.08,0.6,0.14,7,100,0,4,"[84, 5, 9, 76]",True,0.64,18,41,6,2,2,0.15,forward,4,0
0.49,0.3,0.93,0.7,6,100,0,6,"[13, 41, 73, 84, 68, 73]",False,0.79,3,24,8,1,0,0.35,left,8,1
0.38,0.42,0.53,0.11,8,80,0,5,"[63, 22, 14, 89, 62]",True,0.73,11,49,1,2,5,0.11,after,10,1
0.24,0.05,0.9,0.18,6,60,0,7,"[85, 25, 36, 19, 84, 74, 35]",True,0.52,14,27,4,2,3,0.4,forward,10,0
0.48,0.08,0.51,0.41,7,60,0,10,"[5, 28, 23, 14, 76, 23, 15, 42, 48, 32]",True,0.68,24,44,2,3,5,0.32,forward,10,0
0.47,0.39,0.83,0.45,7,100,0,6,"[23, 20, 57, 12, 10, 9]",True,0.98,29,20,0,1,0,0.37,left,3,0
0.29,0.45,0.62,0.77,9,80,0,7,"[50, 50, 19, 42, 52, 58, 49]",False,0.86,26,53,7,3,2,0.28,right,10,0
0.49,0.14,0.78,0.78,10,50,0,5,"[61, 24, 77, 36, 46]",False,0.97,11,42,0,2,3,0.2,after,14,1
0.33,0.17,0.84,0.55,7,100,0,4,"[42, 8, 42, 7]",True,0.99,20,28,6,2,5,0.04,forward,7,0
0.47,0.17,0.86,0.47,9,120,0,9,"[45, 17, 37, 21, 56, 9, 57, 34, 31]",False,0.86,26,25,5,0,1,0.42,right,3,0
0.4,0.02,0.98,0.3,9,80,0,6,"[48, 50, 45, 65, 8, 86]",True,0.52,24,27,6,1,0,0.35,forward,12,0
0.32,0.15,0.99,0.71,9,50,0,9,"[25, 22, 7, 48, 28, 14, 72, 83, 67]",True,0.95,11,40,1,1,2,0.1,left,14,0
0.31,0.05,0.93,0.25,9,50,0,9,"[8, 10, 53, 23, 36, 48, 88, 64, 67]",False,0.73,3,50,1,3,3,0.4,left,9,1
0.5,0.06,0.69,0.76,10,80,0,2,"[89, 37]",False,0.56,20,61,8,0,1,0.35,right,14,1
0.3,0.16,0.78,0.28,10,80,0,3,"[29, 15, 90]",True,0.7,5,48,1,1,2,0.49,forward,0,1
0.22,0.6,0.52,0.13,10,80,0,8,"[16, 38, 48, 89, 62, 87, 27, 15]",True,0.69,12,65,3,1,3,0.08,front,0,0
0.28,0.29,0.68,0.31,8,60,0,7,"[76, 66, 22, 32, 44, 5, 35]",False,0.81,14,56,1,2,2,0.38,left,2,1
0.32,0.46,0.65,0.33,8,80,0,3,"[58, 35, 40]",False,0.83,16,67,6,1,1,0.45,right,15,1
0.32,0.12,0.64,0.28,8,120,0,9,"[5, 81, 52, 38, 42, 29, 18, 46, 24]",False,0.92,21,22,6,3,5,0.09,forward,2,0
0.43,0.22,0.66,0.37,9,80,0,7,"[90, 69, 36, 41, 30, 34, 53]",False,0.64,17,43,5,2,5,0.42,after,15,1
0.13,0.38,0.86,0.37,10,120,0,10,"[24, 7, 17, 17, 26, 7, 82, 66, 70, 30]",False,0.82,28,69,0,2,2,0.3,left,11,0
0.23,0.05,0.67,0.64,8,60,0,9,"[67, 26, 46, 61, 90, 31, 48, 76, 76]",True,0.61,21,65,0,2,4,0.43,right,1,1
0.19,0.39,0.94,0.65,10,120,0,5,"[63, 86, 89, 9, 85]",True,0.98,1,68,3,0,5,0.2,front,14,1
0.11,0.55,0.95,0.71,8,80,0,4,"[75, 68, 10, 42]",True,0.55,24,57,5,2,2,0.4,forward,10,0
0.3,0.37,0.61,0.21,9,60,0,8,"[51, 79, 77, 66, 47, 14, 5, 25]",True,0.59,30,60,10,2,3,0.39,after,4,0
0.46,0.27,0.61,0.6,9,60,0,9,"[82, 65, 51, 87, 50, 81, 54, 73, 25]",True,0.55,12,68,2,3,0,0.0,after,5,1
0.26,0.08,0.54,0.34,6,80,0,3,"[30, 11, 8]",False,0.96,13,70,7,0,2,0.26,after,13,1
0.24,0.6,0.68,0.12,10,50,0,4,"[56, 62, 42, 21]",False,0.83,1,56,7,1,3,0.45,after,3,1
0.45,0.57,0.94,0.41,8,60,0,10,"[89, 49, 52, 62, 63, 81, 30, 40, 84, 89]",False,0.99,22,25,5,0,0,0.32,right,0,0
0.32,0.56,0.65,0.62,6,50,0,10,"[48, 69, 69, 33, 21, 82, 32, 83, 38, 75]",True,0.53,8,20,4,3,4,0.22,right,4,1
0.3,0.4,0.84,0.13,8,50,0,4,"[43, 25, 72, 76]",True,0.89,4,20,8,3,3,0.46,left,0,1
0.12,0.4,0.78,0.56,7,50,0,6,"[84, 35, 75, 29, 46, 79]",True,0.91,18,69,8,0,1,0.38,right,0,1
0.43,0.06,0.55,0.39,9,50,0,4,"[11, 37, 54, 38]",True,0.87,14,35,0,1,0,0.37,right,1,0
0.12,0.56,0.71,0.72,6,100,0,5,"[36, 30, 35, 77, 82]",False,0.99,7,26,6,3,5,0.22,right,14,1
0.13,0.33,0.88,0.32,9,50,0,9,"[39, 36, 12, 51, 57, 41, 85, 85, 42]",False,0.7,29,68,1,3,0,0.29,right,10,0
0.25,0.3,0.62,0.72,10,100,0,6,"[49, 66, 22, 82, 61, 44]",False,0.71,17,67,5,2,1,0.46,front,3,0
0.12,0.15,0.59,0.57,8,120,0,2,"[67, 58]",False,0.59,19,38,5,1,5,0.18,left,6,0
0.45,0.5,0.59,0.41,7,80,0,5,"[29, 16, 9, 36, 32]",False,0.72,22,31,7,3,0,0.16,front,7,0
0.46,0.25,0.74,0.22,9,100,0,10,"[83, 44, 74, 66, 48, 43, 39, 35, 56, 37]",True,0.84,14,64,5,1,4,0.14,front,0,0
0.28,0.13,0.62,0.22,7,80,0,10,"[76, 82, 49, 5, 86, 53, 31, 54, 88, 88]",True,0.55,29,41,0,2,1,0.14,after,12,0
0.4,0.06,0.9,0.4,6,50,0,9,"[10, 79, 5, 11, 45, 80, 73, 79, 79]",False,0.89,16,43,9,0,4,0.41,left,15,1
0.39,0.47,0.63,0.6,6,120,0,7,"[48, 23, 78, 82, 66, 10, 88]",False,0.64,3,25,10,0,2,0.31,forward,13,1
0.44,0.44,0.9,0.4,8,60,0,3,"[37, 25, 37]",False,0.56,29,64,9,1,5,0.47,left,7,0
0.19,0.39,0.56,0.64,8,80,0,8,"[16, 50, 70, 68, 46, 13, 45, 76]",False,0.55,15,25,7,0,5,0.4,after,8,0
0.5,0.58,0.71,0.36,6,120,0,2,"[78, 73]",True,0.85,12,36,3,2,4,0.35,front,12,1
0.25,0.24,0.56,0.64,7,60,0,8,"[34, 22, 77, 36, 85, 20, 41, 40]",False,0.63,22,57,2,0,2,0.38,right,13,0
0.39,0.12,0.71,0.69,7,60,0,4,"[60, 49, 52, 37]",False,0.59,6,36,3,2,3,0.02,forward,5,1
0.24,0.08,0.53,0.73,6,80,0,10,"[39, 38, 25, 63, 37, 47, 8, 88, 37, 35]",False,0.84,13,24,4,2,1,0.3,front,11,0
0.34,0.21,0.82,0.64,7,60,0,10,"[47, 34, 88, 67, 24, 77, 12, 76, 57, 75]",False,0.73,7,48,5,1,2,0.12,right,13,1
0.22,0.22,0.68,0.65,8,80,0,10,"[80, 69, 31, 7, 83, 84, 22, 85, 69, 82]",False,0.85,12,55,9,1,1,0.47,front,15,0
0.17,0.55,0.89,0.31,8,60,0,7,"[88, 77, 82, 38, 30, 53, 16]",False,0.56,21,62,7,2,0,0.34,front,12,0
0.39,0.19,0.84,0.15,6,80,0,6,"[6, 21, 5, 10, 50, 30]",False,0.93,22,20,3,2,3,0.16,left,9,0
0.2,0.33,0.87,0.42,6,60,0,9,"[44, 71, 69, 18, 57, 88, 45, 80, 77]",False,0.69,29,21,2,3,3,0.45,after,9,0
0.35,0.09,0.92,0.54,10,120,0,3,"[78, 89, 65]",False,0.75,30,47,1,1,4,0.08,front,2,0
0.14,0.39,0.66,0.5,7,50,0,7,"[23, 78, 47, 45, 12, 19, 78]",True,0.94,21,28,5,2,2,0.08,forward,13,1
0.42,0.58,0.7,0.58,10,100,0,10,"[75, 37, 26, 75, 30, 39, 45, 62, 65, 78]",True,0.63,8,48,8,2,5,0.47,right,11,1
0.47,0.17,0.56,0.53,8,60,0,4,"[83, 89, 60, 70]",True,0.75,7,58,3,3,0,0.29,left,1,1
0.3,0.32,0.69,0.65,7,80,0,4,"[85, 17, 14, 70]",True,0.68,1,26,4,1,3,0.09,right,11,1
0.12,0.53,0.62,0.35,10,80,0,9,"[30, 74, 10, 24, 58, 17, 28, 82, 76]",True,0.56,13,61,4,3,1,0.02,forward,5,1
0.27,0.5,0.51,0.79,6,80,0,2,"[41, 88]",True,0.61,2,54,6,2,4,0.21,forward,4,1
0.44,0.27,0.56,0.38,8,60,0,10,"[74, 88, 30, 40, 55, 5, 84, 61, 58, 72]",True,0.68,20,60,0,1,1,0.24,right,14,0
0.37,0.39,0.63,0.55,7,100,0,3,"[82, 10, 56]",True,0.91,29,46,6,3,3,0.45,right,2,0
0.15,0.54,0.62,0.56,6,50,0,6,"[44, 37, 85, 51, 44, 52]",True,0.94,9,26,6,3,2,0.13,front,9,1
0.16,0.57,1.0,0.6,10,50,0,10,"[40, 8, 38, 30, 32, 74, 22, 11, 59, 90]",False,0.55,7,60,7,0,1,0.13,after,9,1
0.43,0.23,0.89,0.4,10,100,0,2,"[8, 18]",True,0.64,23,58,7,3,4,0.09,after,5,0
0.39,0.08,0.79,0.37,7,80,0,7,"[26, 61, 83, 84, 10, 26, 9]",False,0.83,30,28,2,1,1,0.41,forward,10,0
0.22,0.42,0.55,0.64,8,100,0,4,"[5, 49, 8, 63]",True,0.96,28,66,4,3,2,0.09,forward,9,0
0.49,0.36,0.76,0.42,8,120,0,10,"[75, 11, 89, 15, 82, 66, 20, 10, 78, 11]",True,0.64,20,20,3,0,0,0.14,right,4,0
0.16,0.07,0.73,0.23,9,50,0,5,"[75, 27, 55, 67, 88]",False,0.51,3,24,8,1,5,0.46,front,13,1
0.27,0.41,0.88,0.25,7,100,0,2,"[31, 65]",True,0.56,27,32,10,0,0,0.27,left,6,0
0.38,0.27,0.78,0.33,8,80,0,3,"[68, 62, 32]",True,0.69,26,60,10,1,5,0.0,forward,13,0
0.43,0.6,0.59,0.34,10,100,0,2,"[37, 55]",False,0.88,28,56,0,2,5,0.09,after,1,0
0.27,0.52,0.55,0.36,9,60,0,4,"[34, 73, 82, 30]",False,0.51,10,66,4,3,1,0.41,forward,10,1
0.45,0.26,0.63,0.66,8,50,0,8,"[87, 5, 89, 40, 47, 41, 60, 41]",True,0.58,19,58,1,3,3,0.11,right,1,1
0.16,0.6,0.76,0.7,7,120,0,3,"[22, 9, 70]",False,0.86,11,42,9,3,5,0.36,after,3,1
0.15,0.43,0.78,0.64,10,50,0,2,"[40, 59]",False,0.61,3,70,10,3,1,0.49,after,6,1
0.42,0.5,0.9,0.17,9,80,0,10,"[32, 63, 25, 8, 81, 67, 50, 10, 32, 19]",False,0.97,7,57,3,0,5,0.32,after,8,1
0.47,0.06,0.58,0.45,7,80,0,7,"[25, 45, 59, 35, 19, 6, 29]",True,0.61,19,67,8,2,4,0.49,forward,15,1
0.47,0.59,0.86,0.42,8,120,0,6,"[23, 57, 71, 56, 52, 12]",False,0.62,19,43,5,1,0,0.12,left,1,0
0.25,0.19,0.57,0.58,6,120,0,10,"[15, 46, 86, 81, 13, 19, 23, 84, 33, 74]",True,0.97,11,20,0,3,2,0.43,forward,12,0
0.4,0.31,0.59,0.43,6,80,0,10,"[49, 54, 33, 34, 31, 83, 7, 44, 74, 51]",True,0.75,19,54,0,2,5,0.37,left,8,1
0.2,0.21,0.68,0.49,7,100,0,5,"[76, 44, 8, 14, 30]",False,0.53,8,40,3,0,2,0.07,front,12,0
0.11,0.11,0.77,0.45,8,80,0,7,"[27, 66, 29, 49, 77, 86, 22]",True,0.81,12,46,6,0,2,0.32,front,0,1
0.29,0.49,0.97,0.21,9,60,0,10,"[14, 5, 49, 22, 22, 56, 28, 83, 58, 39]",False,0.62,5,67,10,3,4,0.24,after,6,1
0.14,0.58,0.59,0.75,7,120,0,3,"[39, 33, 69]",True,0.82,1,48,0,0,3,0.13,forward,6,1
0.29,0.39,0.73,0.31,8,60,0,8,"[30, 14, 61, 77, 90, 74, 36, 33]",True,0.83,17,68,7,2,3,0.13,right,7,0
0.12,0.46,0.57,0.12,9,100,0,3,"[77, 27, 39]",False,0.72,19,21,8,1,1,0.12,forward,5,0
0.25,0.6,0.73,0.62,8,80,0,2,"[17, 26]",False,0.5,9,41,1,1,3,0.27,front,10,1
0.3,0.19,0.7,0.75,9,80,0,8,"[25, 51, 46, 13, 51, 78, 47, 55]",True,0.54,1,43,4,0,1,0.46,front,9,1
0.33,0.07,0.8,0.7,9,60,0,10,"[72, 77, 18, 63, 22, 44, 27, 30, 69, 50]",False,0.62,2,46,3,3,1,0.03,front,10,1
0.32,0.41,0.66,0.65,10,100,0,7,"[63, 15, 8, 16, 80, 56, 79]",False,0.57,2,34,2,2,1,0.15,right,10,1
0.17,0.26,0.59,0.44,7,60,0,9,"[18, 20, 45, 45, 87, 39, 83, 37, 29]",False,0.96,18,34,2,1,1,0.29,left,6,0
0.18,0.17,0.77,0.6,7,80,0,8,"[78, 61, 55, 57, 49, 11, 33, 60]",False,0.67,25,52,6,2,2,0.13,right,10,0
0.2,0.6,0.71,0.51,9,50,0,5,"[51, 10, 87, 6, 86]",True,0.98,4,62,4,1,3,0.08,front,15,1
0.34,0.26,0.68,0.6,8,100,0,4,"[59, 17, 79, 85]",True,0.53,27,34,3,3,1,0.05,forward,13,0
0.17,0.0,0.97,0.41,8,100,0,8,"[32, 59, 79, 49, 17, 47, 65, 17]",True,0.76,25,30,0,0,4,0.13,after,8,0
0.49,0.46,0.78,0.34,6,60,0,7,"[38, 25, 57, 32, 28, 49, 87]",True,0.73,10,39,9,1,3,0.36,left,2,1
0.1,0.2,0.79,0.11,10,60,0,2,"[5, 26]",True,0.68,16,53,3,1,2,0.21,left,10,0
0.45,0.59,0.6,0.39,6,80,0,5,"[40, 63, 50, 34, 33]",False,0.62,19,43,6,3,4,0.05,after,8,0
0.48,0.31,1.0,0.54,10,60,0,4,"[26, 42, 87, 14]",False,0.76,11,70,0,0,1,0.07,right,9,1
0.27,0.27,0.76,0.13,10,80,0,9,"[79, 77, 82, 82, 69, 77, 28, 57, 51]",False,0.9,3,55,0,0,4,0.02,left,0,1
0.28,0.32,0.67,0.32,9,60,0,6,"[77, 30, 74, 44, 12, 70]",True,0.62,20,68,10,2,5,0.04,front,0,1
0.33,0.32,0.68,0.7,7,50,0,4,"[12, 78, 81, 48]",False,0.57,26,58,5,1,1,0.13,after,5,0
0.28,0.4,0.55,0.51,10,60,0,3,"[24, 52, 65]",False,0.61,22,48,10,2,5,0.24,front,8,0
0.11,0.1,0.6,0.24,6,100,0,9,"[34, 77, 64, 48, 77, 5, 85, 66, 81]",True,0.52,7,48,0,0,3,0.24,after,4,1
0.14,0.56,0.91,0.17,8,120,0,8,"[82, 55, 73, 60, 51, 21, 89, 61]",True,0.8,5,58,9,3,3,0.13,after,13,1
0.46,0.48,0.84,0.64,7,50,0,9,"[72, 74, 66, 9, 90, 46, 29, 64, 31]",False,0.57,15,63,6,2,0,0.49,left,7,1
0.2,0.46,0.63,0.44,9,120,0,4,"[28, 36, 67, 84]",True,0.6,19,70,4,0,0,0.07,after,6,1
0.31,0.51,0.83,0.62,8,50,0,4,"[7, 20, 47, 22]",False,0.92,16,51,7,2,4,0.14,right,7,1
0.29,0.11,0.67,0.69,8,100,0,3,"[73, 17, 23]",False,0.87,8,60,5,1,4,0.11,after,11,1
0.11,0.35,0.92,0.14,6,120,0,7,"[46, 6, 68, 79, 60, 73, 74]",False,0.66,9,40,2,2,3,0.41,forward,6,1
0.29,0.17,0.91,0.76,9,60,0,6,"[80, 6, 20, 65, 49, 87]",False,0.69,12,32,1,0,2,0.21,right,4,0
0.19,0.52,0.66,0.59,7,100,0,9,"[60, 88, 90, 56, 84, 78, 6, 41, 10]",True,0.59,22,60,9,1,5,0.25,right,11,0
0.1,0.1,0.54,0.42,6,60,0,9,"[32, 79, 40, 26, 74, 60, 36, 87, 13]",False,0.54,4,68,2,2,4,0.18,forward,3,1
0.43,0.33,0.88,0.47,7,100,0,7,"[47, 29, 23, 71, 56, 52, 32]",True,0.56,6,54,8,2,5,0.3,after,7,1
0.15,0.13,0.8,0.6,10,100,0,8,"[60, 46, 19, 41, 28, 86, 78, 14]",False,0.8,14,34,10,2,5,0.29,left,9,0
0.25,0.54,0.82,0.21,8,120,0,3,"[38, 5, 10]",False,0.51,10,65,0,1,3,0.47,front,2,1
0.23,0.38,0.55,0.38,6,50,0,6,"[39, 51, 38, 25, 75, 83]",True,0.63,15,22,3,3,0,0.34,after,12,0
0.32,0.26,0.95,0.33,6,60,0,6,"[53, 56, 83, 31, 76, 20]",False,0.69,11,55,3,0,2,0.46,front,13,1
0.14,0.59,0.59,0.42,6,120,0,4,"[88, 64, 11, 72]",True,0.92,3,21,4,1,5,0.05,forward,5,1
0.27,0.01,0.59,0.4,9,80,0,7,"[40, 24, 45, 10, 18, 33, 28]",False,0.63,26,27,5,3,0,0.46,front,7,0
0.13,0.47,0.59,0.77,7,120,0,6,"[61, 76, 32, 32, 39, 24]",True,0.82,16,20,9,3,1,0.43,after,7,0
0.48,0.46,0.69,0.64,8,50,0,2,"[10, 63]",True,0.84,1,24,9,2,3,0.12,right,14,1
0.22,0.35,0.81,0.49,7,50,0,4,"[13, 69, 58, 36]",True,0.79,22,52,3,3,0,0.16,right,15,0
0.32,0.17,0.65,0.2,10,100,0,6,"[29, 62, 21, 64, 14, 34]",True,0.96,27,54,5,1,0,0.19,right,15,0
0.34,0.43,0.9,0.78,7,120,0,10,"[48, 21, 72, 76, 64, 29, 6, 85, 89, 39]",False,0.6,3,47,7,1,0,0.03,front,12,1
0.33,0.13,0.96,0.71,7,100,0,9,"[82, 58, 19, 17, 10, 38, 50, 14, 23]",True,0.87,4,18,5,2,2,0.28,front,10,1
0.37,0.25,0.77,0.33,7,120,0,6,"[77, 60, 56, 13, 83, 82]",False,0.55,21,27,3,0,1,0.13,front,3,0
0.31,0.19,0.86,0.2,7,80,0,8,"[58, 82, 75, 59, 88, 11, 22, 25]",True,0.67,21,60,2,0,1,0.02,right,12,0
0.3,0.05,0.98,0.27,9,80,0,7,"[5, 56, 75, 66, 67, 56, 11]",True,0.77,24,58,4,0,3,0.14,left,9,0
0.3,0.3,0.76,0.76,7,100,0,8,"[14, 49, 45, 66, 64, 56, 25, 29]",False,0.94,24,63,10,0,2,0.02,left,8,0
0.24,0.05,0.87,0.58,6,120,0,10,"[41, 42, 85, 58, 76, 87, 44, 34, 16, 86]",False,0.95,25,45,10,2,4,0.06,right,5,0
0.19,0.39,0.64,0.15,6,80,0,2,"[47, 90]",True,0.69,19,60,3,1,4,0.19,after,10,0
0.28,0.39,0.94,0.54,10,50,0,7,"[71, 79, 22, 58, 23, 47, 8]",True,0.87,27,70,9,0,5,0.36,forward,6,1
0.36,0.29,0.97,0.78,7,120,0,5,"[8, 62, 83, 79, 63]",False,0.95,20,60,2,3,4,0.11,left,1,0
0.26,0.07,0.51,0.76,6,60,0,7,"[14, 7, 47, 77, 15, 55, 38]",False,0.95,17,57,2,3,0,0.2,front,0,1
0.37,0.5,0.64,0.19,6,80,0,3,"[77, 13, 68]",False,0.51,15,33,8,3,3,0.01,after,7,1
0.18,0.23,0.85,0.52,6,60,0,2,"[65, 50]",False,0.65,8,18,4,3,0,0.16,front,7,1
0.5,0.02,0.8,0.56,9,50,0,7,"[52, 16, 59, 42, 26, 84, 44]",False,0.83,16,37,4,0,2,0.25,after,14,1
0.41,0.03,0.67,0.52,7,120,0,2,"[13, 9]",False,0.74,20,37,7,3,0,0.49,left,15,0
0.28,0.08,0.67,0.39,8,100,0,8,"[29, 38, 77, 11, 19, 32, 60, 83]",False,0.56,15,19,6,3,3,0.0,left,5,0
0.17,0.02,0.7,0.58,6,100,0,3,"[11, 74, 5]",False,0.52,11,39,6,3,0,0.03,forward,3,1
0.34,0.12,0.54,0.63,10,120,0,4,"[79, 10, 41, 24]",True,0.54,30,56,5,0,0,0.25,front,10,0
0.14,0.52,0.58,0.23,6,60,0,7,"[60, 72, 20, 82, 73, 6, 48]",True,0.59,15,55,1,2,3,0.46,after,6,0
0.33,0.46,0.56,0.31,8,50,0,7,"[43, 7, 42, 45, 54, 21, 65]",False,0.61,6,67,1,0,1,0.29,left,9,1
0.18,0.14,0.81,0.33,10,120,0,3,"[80, 51, 86]",False,0.91,27,46,0,0,3,0.15,front,5,0
0.42,0.08,0.91,0.16,9,80,0,4,"[13, 9, 39, 68]",True,0.9,24,18,7,3,0,0.38,after,8,0
0.36,0.26,0.8,0.35,7,100,0,2,"[37, 20]",False,0.93,18,69,0,3,0,0.25,front,12,0
0.34,0.31,0.77,0.24,9,120,0,8,"[43, 34, 46, 30, 10, 24, 7, 24]",True,0.68,26,67,1,1,1,0.31,after,9,0
0.35,0.17,0.86,0.4,6,120,0,9,"[71, 85, 70, 45, 47, 42, 44, 44, 35]",True,0.56,22,23,9,3,4,0.1,after,5,0
0.37,0.19,0.87,0.18,6,60,0,10,"[34, 24, 40, 69, 26, 44, 58, 41, 67, 85]",True,0.95,2,29,2,3,0,0.47,right,3,1
0.49,0.49,0.5,0.52,9,120,0,2,"[64, 29]",False,0.79,18,54,6,2,1,0.36,front,10,1
0.4,0.26,0.77,0.47,7,60,0,8,"[19, 49, 7, 66, 31, 66, 53, 30]",False,0.91,20,30,9,2,3,0.07,after,9,0
0.47,0.11,0.6,0.56,9,80,0,10,"[58, 63, 85, 58, 83, 90, 80, 48, 12, 37]",True,0.68,10,23,0,2,2,0.22,forward,3,0
0.5,0.53,0.66,0.27,8,60,0,3,"[19, 26, 26]",False,0.6,30,28,0,3,3,0.45,after,4,0
0.44,0.55,0.71,0.32,8,80,0,10,"[81, 54, 67, 38, 84, 68, 81, 54, 36, 44]",False,0.99,27,41,9,1,1,0.49,right,2,0
0.21,0.29,0.7,0.61,8,100,0,6,"[22, 87, 5, 9, 71, 68]",False,0.89,20,44,10,1,5,0.34,right,7,1
0.4,0.38,0.82,0.57,9,80,0,10,"[50, 38, 17, 74, 39, 41, 76, 13, 65, 72]",False,0.94,28,51,4,1,4,0.45,right,3,0
0.23,0.44,0.9,0.15,10,50,0,8,"[13, 31, 85, 37, 46, 48, 30, 27]",False,0.7,2,66,8,2,3,0.49,forward,1,1
0.19,0.14,0.98,0.19,7,120,0,10,"[45, 68, 37, 38, 61, 59, 19, 88, 57, 67]",True,0.5,22,53,6,1,2,0.18,forward,9,0
0.24,0.02,0.86,0.24,10,100,0,9,"[14, 31, 22, 66, 85, 17, 71, 9, 17]",False,0.91,28,32,5,0,3,0.34,after,15,0
0.4,0.48,0.82,0.76,8,100,0,8,"[37, 55, 51, 31, 48, 22, 79, 50]",False,0.91,11,58,7,1,2,0.36,left,15,1
0.3,0.14,0.54,0.61,7,60,0,3,"[42, 17, 11]",True,0.54,20,51,4,3,4,0.39,after,15,0
0.2,0.05,0.54,0.72,9,60,0,6,"[5, 70, 28, 86, 66, 48]",True,0.75,21,18,9,0,3,0.37,after,1,0
0.43,0.08,0.99,0.64,6,100,0,6,"[90, 72, 9, 86, 42, 65]",False,0.79,12,25,9,2,2,0.14,forward,6,1
0.33,0.24,0.94,0.75,6,50,0,2,"[62, 54]",False,0.55,24,35,2,0,5,0.32,after,8,1
0.2,0.59,0.97,0.25,8,120,0,2,"[83, 19]",False,0.67,23,46,6,3,0,0.12,right,3,0
0.28,0.07,0.72,0.55,10,80,0,8,"[64, 73, 58, 90, 40, 29, 10, 76]",False,0.96,17,45,1,3,5,0.37,after,4,0
0.44,0.28,0.88,0.56,8,120,0,4,"[52, 62, 22, 83]",True,0.86,30,67,4,2,3,0.07,forward,8,0
0.42,0.28,0.73,0.35,8,100,0,8,"[20, 38, 12, 11, 83, 8, 90, 61]",True,0.54,17,34,0,2,0,0.35,after,13,0
0.47,0.01,0.54,0.41,9,50,0,3,"[46, 75, 77]",True,0.78,8,54,0,1,1,0.4,after,7,0
0.24,0.23,0.61,0.48,10,100,0,7,"[7, 72, 80, 87, 26, 35, 81]",False,0.64,18,70,8,2,1,0.05,front,6,0
0.31,0.38,0.96,0.48,6,50,0,3,"[37, 84, 81]",False,0.66,9,27,0,1,2,0.25,right,2,0
0.32,0.28,0.68,0.28,10,120,0,6,"[33, 25, 18, 47, 29, 63]",False,0.89,3,27,5,1,0,0.35,left,3,0
0.48,0.34,0.55,0.66,10,120,0,4,"[73, 55, 77, 45]",False,0.72,6,44,1,1,5,0.32,front,9,1
0.42,0.51,0.92,0.5,6,100,0,7,"[63, 64, 85, 52, 9, 21, 75]",True,0.58,26,61,3,3,4,0.49,after,2,0
0.38,0.12,0.52,0.76,9,100,0,4,"[26, 19, 43, 38]",True,0.59,15,65,3,2,0,0.16,left,1,0
0.15,0.1,0.73,0.73,8,50,0,10,"[57, 9, 86, 78, 20, 41, 28, 69, 35, 84]",True,0.82,26,60,4,1,4,0.49,forward,2,0
0.32,0.54,0.81,0.65,8,80,0,3,"[47, 61, 52]",False,0.58,14,33,5,3,0,0.07,forward,2,0
0.18,0.58,0.61,0.76,8,50,0,5,"[66, 24, 76, 46, 76]",True,0.71,25,20,8,1,1,0.47,after,14,0
0.22,0.18,0.71,0.37,10,80,0,5,"[71, 26, 60, 8, 80]",True,0.65,30,23,2,2,2,0.26,after,5,0
0.36,0.49,0.71,0.2,8,50,0,10,"[28, 8, 50, 36, 31, 22, 33, 61, 69, 36]",True,0.75,10,26,3,3,0,0.23,left,1,1
0.38,0.46,0.7,0.44,10,80,0,10,"[89, 62, 81, 38, 69, 62, 46, 15, 71, 22]",True,0.98,18,69,2,3,3,0.46,left,5,0
0.1,0.4,0.84,0.11,8,80,0,4,"[53, 33, 50, 65]",True,0.77,28,51,9,3,5,0.03,forward,4,0
0.41,0.05,0.59,0.57,6,120,0,7,"[18, 44, 5, 5, 58, 72, 69]",True,0.78,21,54,1,1,0,0.26,front,13,0
0.17,0.05,0.58,0.44,10,60,0,10,"[38, 15, 71, 38, 12, 76, 80, 75, 43, 66]",False,0.53,24,51,0,1,3,0.09,after,6,0
0.45,0.57,0.73,0.36,6,100,0,7,"[25, 69, 74, 77, 9, 33, 61]",True,0.61,20,18,1,3,5,0.32,after,4,1
0.31,0.57,0.79,0.55,8,50,0,7,"[85, 78, 6, 28, 47, 18, 71]",False,0.82,17,64,9,3,4,0.07,right,0,1
0.4,0.54,0.88,0.72,8,50,0,7,"[53, 9, 12, 72, 15, 49, 27]",False,0.85,22,20,7,2,1,0.1,right,14,1
0.29,0.58,0.76,0.34,9,60,0,10,"[69, 83, 25, 9, 22, 59, 51, 25, 41, 73]",True,0.88,21,36,0,1,5,0.17,forward,5,0
0.48,0.1,0.76,0.55,9,80,0,2,"[31, 49]",False,0.99,11,69,9,2,5,0.47,front,14,1
0.15,0.01,0.72,0.61,9,120,0,4,"[20, 59, 66, 80]",False,0.8,8,67,5,0,4,0.25,after,6,1
0.23,0.35,0.58,0.31,10,80,0,7,"[75, 17, 55, 8, 5, 72, 30]",True,0.99,14,70,1,1,4,0.33,left,11,1
0.33,0.08,0.92,0.73,6,80,0,9,"[38, 9, 61, 75, 69, 7, 25, 54, 13]",False,0.81,26,47,4,2,2,0.47,front,2,0
0.37,0.41,0.76,0.22,8,100,0,9,"[32, 35, 55, 16, 45, 51, 13, 13, 23]",True,0.85,8,70,9,1,5,0.4,left,13,1
0.29,0.32,0.52,0.43,8,50,0,8,"[39, 21, 55, 37, 28, 69, 39, 32]",True,0.8,4,69,9,2,4,0.12,forward,5,1
0.38,0.49,0.77,0.53,10,60,0,10,"[66, 75, 30, 50, 87, 12, 44, 19, 54, 26]",True,0.73,27,63,0,1,4,0.41,left,15,0
0.23,0.11,0.59,0.77,9,120,0,5,"[20, 89, 29, 52, 35]",True,0.88,5,31,0,1,2,0.08,left,7,1
0.22,0.33,0.53,0.56,6,120,0,7,"[83, 75, 51, 44, 10, 64, 49]",True,0.85,4,33,0,2,0,0.04,right,1,0
0.12,0.02,0.98,0.35,7,100,0,5,"[79, 33, 89, 63, 87]",False,0.52,12,70,4,1,2,0.08,after,10,0
0.24,0.02,0.72,0.78,6,120,0,10,"[64, 66, 66, 87, 71, 86, 79, 9, 58, 76]",True,0.98,27,49,6,0,5,0.05,left,6,0
0.27,0.05,0.97,0.57,6,50,0,3,"[50, 34, 53]",True,0.57,11,58,1,1,2,0.48,forward,12,0
0.23,0.15,0.68,0.76,8,120,0,5,"[54, 64, 71, 34, 86]",False,0.7,23,23,5,2,4,0.01,left,10,0
0.16,0.11,0.59,0.47,8,60,0,9,"[78, 15, 41, 53, 69, 62, 73, 25, 34]",False,0.9,16,52,8,0,3,0.41,right,8,1
0.4,0.34,0.91,0.12,10,50,0,8,"[69, 23, 65, 72, 42, 72, 34, 55]",False,0.61,23,50,9,1,1,0.46,forward,7,0
0.5,0.43,0.87,0.22,10,60,0,6,"[56, 71, 19, 6, 29, 6]",True,0.83,15,23,10,2,0,0.14,front,12,0
0.13,0.35,0.5,0.45,6,50,0,3,"[28, 58, 46]",True,0.99,27,48,1,3,5,0.0,forward,11,0
0.33,0.14,0.61,0.22,7,50,0,6,"[6, 48, 46, 12, 82, 66]",False,0.97,18,18,1,0,0,0.01,right,3,0
0.17,0.01,0.64,0.53,8,80,0,7,"[74, 18, 17, 19, 32, 88, 59]",False,0.84,27,45,9,0,4,0.35,front,4,0
0.45,0.13,0.58,0.54,6,100,0,3,"[50, 31, 40]",True,0.84,23,40,0,2,1,0.15,after,9,0
0.32,0.15,0.61,0.31,10,80,0,3,"[57, 32, 31]",False,0.63,6,24,10,3,5,0.37,after,12,1
0.37,0.41,0.61,0.56,8,60,0,10,"[62, 81, 37, 19, 86, 61, 56, 78, 42, 68]",True,0.89,26,48,4,1,4,0.42,forward,9,0
0.41,0.16,0.69,0.42,7,120,0,6,"[85, 62, 73, 50, 45, 55]",True,0.93,8,41,2,3,0,0.13,right,14,1
0.48,0.47,0.74,0.21,6,60,0,8,"[66, 5, 71, 69, 30, 44, 10, 88]",False,0.66,7,53,10,1,2,0.17,after,9,1
0.32,0.12,0.87,0.73,6,100,0,9,"[31, 12, 39, 24, 33, 25, 48, 36, 47]",True,0.68,19,19,4,3,3,0.45,after,8,1
0.41,0.38,0.95,0.22,10,120,0,9,"[78, 38, 90, 69, 66, 30, 81, 53, 48]",True,0.91,12,18,4,0,4,0.38,forward,9,1
0.2,0.35,0.52,0.22,9,120,0,9,"[43, 75, 43, 60, 8, 44, 77, 63, 53]",True,0.97,27,66,9,1,1,0.03,after,1,0
0.31,0.19,0.81,0.45,7,100,0,9,"[56, 76, 7, 63, 50, 25, 67, 41, 53]",False,0.63,9,57,6,1,4,0.27,right,14,1
0.5,0.38,0.71,0.21,10,120,0,2,"[64, 73]",True,0.55,24,70,6,1,4,0.03,right,0,0
0.38,0.53,0.64,0.5,6,120,0,10,"[30, 53, 9, 61, 63, 16, 68, 77, 38, 13]",False,0.56,2,32,0,2,2,0.02,after,2,1
0.45,0.14,0.99,0.41,10,50,0,6,"[87, 88, 43, 16, 68, 34]",False,0.97,25,61,8,2,3,0.4,left,5,0
0.3,0.13,0.68,0.8,10,120,0,5,"[75, 49, 86, 22, 15]",False,0.55,1,37,4,3,0,0.34,right,7,1
0.44,0.27,0.62,0.15,8,80,0,8,"[8, 24, 54, 66, 73, 28, 58, 13]",False,0.7,3,61,0,2,1,0.05,forward,11,0
0.1,0.59,0.84,0.1,10,50,0,7,"[11, 78, 36, 85, 29, 57, 69]",True,0.76,13,58,4,0,3,0.35,right,7,0
0.44,0.44,0.5,0.45,8,60,0,6,"[59, 73, 27, 30, 90, 62]",True,0.68,6,68,10,0,0,0.27,left,3,1
0.36,0.17,0.91,0.2,10,50,0,6,"[84, 83, 14, 81, 13, 29]",True,0.8,6,53,2,0,3,0.06,left,1,0
0.15,0.43,0.51,0.42,10,50,0,10,"[66, 40, 10, 40, 41, 50, 55, 59, 82, 30]",True,0.51,21,57,2,2,0,0.34,forward,4,0
0.15,0.34,0.9,0.77,10,120,0,5,"[11, 77, 32, 24, 28]",True,0.75,26,47,8,0,0,0.49,after,8,0
0.18,0.49,0.59,0.56,9,100,0,2,"[36, 79]",True,0.83,23,26,5,2,1,0.18,forward,7,0
0.38,0.03,0.85,0.66,9,80,0,2,"[25, 86]",True,0.79,29,27,5,1,5,0.04,left,10,0
0.27,0.14,0.96,0.35,8,80,0,7,"[34, 44, 19, 68, 80, 40, 47]",True,0.62,27,29,1,0,3,0.37,right,4,0
0.18,0.5,0.65,0.39,6,80,0,7,"[52, 52, 5, 53, 88, 8, 9]",False,0.82,1,30,10,1,3,0.31,after,0,1
0.44,0.29,0.89,0.35,9,60,0,9,"[52, 87, 32, 20, 61, 87, 85, 84, 61]",True,0.61,15,68,2,3,4,0.42,front,15,1
0.31,0.51,0.81,0.77,6,80,0,9,"[67, 23, 19, 8, 34, 35, 14, 59, 84]",False,0.76,19,19,4,1,1,0.34,left,12,1
0.17,0.43,0.71,0.72,10,120,0,10,"[62, 53, 22, 55, 59, 13, 49, 71, 8, 43]",False,0.82,29,52,2,0,4,0.26,front,1,0
0.49,0.4,0.64,0.18,9,100,0,5,"[37, 42, 60, 7, 46]",False,0.76,18,64,8,1,3,0.08,right,10,1
0.4,0.43,0.62,0.45,9,50,0,6,"[48, 41, 82, 74, 73, 87]",False,0.87,8,67,3,2,1,0.26,front,3,1
0.36,0.52,0.55,0.23,6,80,0,7,"[71, 26, 13, 44, 77, 49, 46]",False,0.93,8,54,3,3,0,0.5,right,5,0
0.15,0.29,0.74,0.66,7,50,0,10,"[31, 28, 30, 23, 20, 87, 51, 77, 69, 53]",True,0.72,28,39,8,1,0,0.43,left,6,0
0.25,0.45,0.95,0.66,7,50,0,9,"[70, 12, 19, 50, 11, 85, 66, 48, 86]",False,0.63,2,57,1,2,1,0.41,right,5,1
0.25,0.12,1.0,0.4,9,80,0,9,"[20, 54, 28, 50, 36, 5, 61, 59, 72]",True,0.93,28,49,0,1,2,0.37,after,10,0
0.22,0.16,0.92,0.42,6,100,0,3,"[24, 49, 33]",True,0.78,4,48,2,1,2,0.36,right,8,0
0.17,0.41,0.87,0.52,7,60,0,2,"[33, 88]",False,0.84,19,46,8,1,0,0.37,forward,4,1
0.27,0.34,0.53,0.53,7,60,0,5,"[18, 55, 14, 16, 49]",True,0.67,28,53,3,1,0,0.14,after,10,0
0.44,0.23,0.53,0.27,7,50,0,6,"[89, 11, 34, 67, 36, 35]",False,0.99,25,50,5,3,3,0.46,right,7,0
0.2,0.01,0.96,0.15,8,120,0,5,"[13, 20, 62, 32, 43]",True,0.52,13,51,5,3,4,0.32,front,4,0
0.23,0.05,0.6,0.67,9,60,0,3,"[56, 73, 14]",True,0.91,18,25,3,1,0,0.21,left,0,0
0.23,0.48,0.79,0.22,6,100,0,8,"[14, 58, 64, 88, 7, 86, 87, 62]",True,0.88,12,37,4,0,5,0.23,right,10,0
0.3,0.38,0.53,0.32,10,80,0,10,"[81, 23, 14, 52, 23, 65, 35, 14, 50, 14]",False,0.76,12,28,5,1,1,0.16,left,7,0
0.27,0.55,0.69,0.11,8,100,0,9,"[88, 34, 27, 52, 57, 33, 54, 59, 27]",True,0.8,17,41,2,3,5,0.31,front,14,1
0.31,0.1,0.9,0.77,8,60,0,9,"[62, 52, 90, 51, 37, 60, 26, 73, 63]",False,0.94,11,44,5,0,4,0.01,after,9,0
0.44,0.06,0.8,0.33,10,120,0,3,"[73, 27, 60]",False,0.58,6,26,8,2,5,0.32,left,0,1
0.24,0.3,0.85,0.56,6,80,0,8,"[12, 40, 7, 9, 83, 61, 18, 50]",True,0.8,29,61,2,0,1,0.18,front,2,0
0.46,0.13,0.87,0.19,10,60,0,3,"[44, 65, 36]",True,0.54,12,53,10,1,0,0.1,right,5,0
0.48,0.19,0.68,0.38,10,80,0,9,"[55, 16, 54, 80, 51, 28, 53, 89, 13]",False,0.57,30,64,0,0,2,0.19,after,14,0
0.21,0.28,0.95,0.8,10,60,0,3,"[26, 70, 53]",False,0.88,28,26,4,0,5,0.2,left,11,0
0.46,0.5,0.97,0.65,9,100,0,7,"[18, 60, 14, 80, 74, 12, 71]",False,0.76,10,68,3,3,1,0.31,front,0,1
0.23,0.36,0.78,0.15,10,50,0,5,"[38, 57, 51, 49, 10]",True,0.53,1,18,5,0,0,0.0,forward,3,0
0.13,0.53,0.68,0.29,9,60,0,6,"[79, 70, 57, 19, 76, 42]",False,0.73,10,53,3,0,1,0.08,right,4,0
0.4,0.27,0.93,0.58,8,120,0,5,"[51, 6, 54, 36, 37]",True,0.74,24,22,2,1,4,0.21,right,2,0
0.11,0.11,0.64,0.66,7,120,0,6,"[26, 9, 14, 54, 19, 63]",False,0.95,3,58,7,2,3,0.24,forward,11,1
0.49,0.19,0.67,0.56,7,60,0,4,"[20, 70, 58, 40]",False,0.74,4,59,4,2,0,0.04,left,13,1
0.22,0.38,0.59,0.56,10,120,0,6,"[45, 30, 52, 14, 18, 48]",False,0.95,10,23,3,1,1,0.3,after,2,1
0.12,0.12,0.59,0.56,8,80,0,5,"[69, 54, 51, 67, 36]",True,0.78,29,70,3,0,2,0.14,after,1,0
0.25,0.43,0.7,0.61,8,120,0,8,"[50, 32, 9, 13, 27, 23, 52, 56]",True,0.62,27,19,8,3,2,0.21,front,8,0
0.16,0.14,0.67,0.25,10,120,0,10,"[30, 31, 37, 21, 41, 16, 76, 38, 48, 9]",False,0.55,6,48,5,1,2,0.47,left,15,1
0.31,0.44,0.53,0.21,10,100,0,5,"[65, 34, 53, 50, 38]",True,0.6,15,31,8,3,4,0.03,right,3,1
0.25,0.27,0.63,0.22,7,80,0,4,"[12, 40, 55, 73]",False,0.82,11,25,3,0,4,0.43,after,14,0
0.23,0.22,0.78,0.68,9,50,0,6,"[88, 43, 75, 67, 59, 30]",False,1.0,20,30,6,1,4,0.39,forward,9,0
0.12,0.24,0.55,0.69,10,120,0,4,"[69, 89, 37, 65]",False,0.75,2,19,9,1,3,0.23,forward,2,1
0.29,0.52,0.93,0.71,9,120,0,7,"[31, 49, 70, 90, 59, 36, 25]",True,0.91,25,56,1,3,3,0.19,right,12,0
0.37,0.09,0.58,0.41,6,120,0,4,"[19, 41, 44, 65]",False,0.59,25,45,1,1,3,0.15,left,14,0
0.21,0.05,0.65,0.76,8,60,0,10,"[74, 14, 18, 15, 62, 47, 90, 24, 54, 25]",False,0.63,1,43,9,3,3,0.25,after,15,1
0.11,0.38,0.6,0.34,6,120,0,8,"[57, 40, 60, 75, 63, 44, 71, 14]",True,0.61,18,68,2,2,3,0.28,right,15,0
0.18,0.59,0.72,0.55,10,50,0,8,"[83, 22, 46, 54, 50, 76, 62, 9]",True,0.93,10,24,7,3,5,0.07,after,15,1
0.19,0.06,0.6,0.66,8,80,0,2,"[24, 15]",False,0.68,28,29,4,2,4,0.19,left,2,0
0.32,0.19,0.79,0.72,6,80,0,8,"[26, 35, 55, 51, 36, 83, 85, 11]",False,0.79,12,37,1,2,1,0.27,right,13,1
0.45,0.5,0.57,0.27,9,120,0,10,"[33, 73, 71, 59, 19, 57, 44, 38, 58, 86]",False,0.77,9,39,1,3,3,0.07,after,0,0
0.12,0.46,0.95,0.59,8,100,0,4,"[59, 76, 69, 26]",False,0.57,9,32,0,0,1,0.23,forward,12,1
0.49,0.08,0.61,0.8,8,80,0,5,"[74, 24, 10, 25, 39]",True,0.5,2,20,0,1,2,0.22,after,6,1
0.42,0.44,0.76,0.74,9,60,0,4,"[56, 63, 21, 30]",True,0.82,9,43,3,1,4,0.35,left,11,1
0.23,0.32,0.85,0.77,6,60,0,10,"[62, 70, 79, 60, 71, 65, 14, 67, 44, 8]",True,0.8,17,45,9,2,5,0.12,front,5,0
0.31,0.41,0.83,0.75,8,80,0,9,"[15, 6, 77, 16, 32, 19, 89, 62, 74]",False,0.82,10,32,1,3,3,0.29,forward,0,1
0.21,0.17,0.82,0.26,9,80,0,7,"[25, 34, 81, 80, 54, 46, 30]",True,0.74,19,36,8,0,0,0.22,after,11,0
0.19,0.54,0.78,0.42,6,120,0,9,"[43, 28, 66, 23, 54, 21, 51, 33, 26]",False,0.58,26,36,8,0,5,0.41,left,13,0
0.46,0.2,0.6,0.41,9,100,0,2,"[71, 25]",False,0.68,15,48,0,1,2,0.33,forward,7,0
0.15,0.3,0.81,0.72,10,100,0,8,"[70, 5, 51, 66, 80, 58, 55, 23]",True,1.0,18,46,3,2,5,0.32,forward,4,1
0.25,0.07,0.64,0.31,8,50,0,2,"[80, 45]",False,0.62,25,59,0,3,0,0.27,after,1,0
0.4,0.4,0.7,0.58,6,60,0,8,"[6, 33, 89, 65, 46, 88, 59, 30]",True,0.68,11,24,7,2,2,0.23,after,3,1
0.42,0.28,0.65,0.28,6,50,0,2,"[70, 52]",False,0.81,25,64,8,0,4,0.16,front,0,1
0.35,0.42,0.98,0.67,6,120,0,4,"[88, 63, 42, 30]",False,0.96,14,64,6,2,4,0.37,after,6,1
0.34,0.39,0.65,0.16,9,80,0,2,"[44, 60]",True,0.79,27,19,7,1,0,0.27,left,11,0
0.2,0.27,0.95,0.62,7,100,0,10,"[23, 33, 15, 87, 41, 83, 67, 16, 6, 84]",True,0.73,23,52,0,1,1,0.08,forward,3,0
0.28,0.12,0.69,0.33,7,100,0,9,"[70, 20, 29, 10, 33, 19, 85, 22, 38]",False,0.84,29,40,0,0,3,0.39,left,7,0
0.25,0.59,0.82,0.29,10,60,0,3,"[19, 17, 83]",True,0.88,20,70,6,1,1,0.19,forward,6,0
0.14,0.24,0.74,0.74,8,100,0,7,"[19, 44, 37, 49, 47, 22, 78]",True,0.64,19,55,5,0,1,0.07,front,0,0
0.24,0.01,0.51,0.41,6,50,0,9,"[32, 13, 74, 61, 34, 61, 83, 87, 38]",True,0.62,30,47,9,2,1,0.48,right,10,0
0.47,0.45,0.81,0.23,7,100,0,4,"[17, 51, 10, 8]",False,0.74,18,69,5,3,1,0.16,left,2,0
0.48,0.22,0.8,0.73,7,60,0,7,"[36, 43, 70, 39, 30, 50, 37]",False,0.68,6,42,10,0,5,0.25,right,0,1
0.27,0.26,0.67,0.45,7,80,0,3,"[59, 30, 60]",False,0.62,11,53,9,3,2,0.43,left,7,1
0.26,0.23,0.53,0.51,10,80,0,4,"[24, 54, 38, 56]",True,0.78,27,60,8,3,2,0.2,forward,11,0
0.17,0.01,0.98,0.46,9,80,0,9,"[7, 16, 57, 22, 68, 23, 29, 41, 18]",True,0.78,20,41,10,1,2,0.07,left,3,0
0.4,0.58,0.5,0.37,6,50,0,6,"[84, 21, 28, 6, 45, 48]",True,0.87,1,62,7,0,1,0.44,left,4,1
0.14,0.37,0.9,0.25,8,120,0,9,"[16, 48, 25, 23, 86, 85, 76, 55, 8]",True,0.72,6,45,4,3,3,0.47,left,2,1
0.24,0.55,0.68,0.35,6,100,0,4,"[48, 15, 56, 72]",False,0.78,26,50,2,2,0,0.06,forward,7,0
0.23,0.31,0.8,0.78,8,100,0,9,"[28, 9, 72, 40, 20, 21, 14, 66, 51]",True,0.98,30,45,9,0,5,0.18,forward,6,0
0.21,0.54,0.88,0.32,7,60,0,8,"[27, 36, 68, 63, 80, 57, 55, 5]",False,0.54,16,23,9,2,5,0.47,after,3,0
0.23,0.38,0.89,0.37,8,60,0,4,"[57, 56, 30, 65]",True,0.63,6,48,7,2,4,0.21,front,14,1
0.16,0.06,0.95,0.33,6,120,0,6,"[13, 75, 52, 47, 69, 41]",False,0.82,15,59,7,2,1,0.33,forward,14,0
0.36,0.15,0.71,0.44,10,50,0,2,"[71, 77]",False,0.73,23,38,8,1,3,0.19,after,14,0
0.44,0.59,0.87,0.3,6,80,0,7,"[89, 82, 82, 21, 85, 69, 87]",False,0.81,18,27,9,2,3,0.38,right,14,0
0.32,0.0,0.72,0.47,10,50,0,5,"[52, 83, 18, 12, 79]",True,0.62,27,40,4,1,2,0.48,front,1,0
0.49,0.17,0.77,0.37,6,50,0,4,"[74, 17, 38, 71]",False,0.61,3,42,2,2,5,0.05,front,3,1
0.11,0.17,0.72,0.13,7,50,0,9,"[76, 78, 12, 44, 14, 55, 15, 46, 44]",True,0.77,24,46,4,1,0,0.37,right,3,0
0.5,0.21,0.76,0.58,10,50,0,4,"[56, 23, 52, 26]",True,0.96,3,53,7,0,5,0.5,right,9,1
0.11,0.13,0.92,0.1,10,120,0,3,"[21, 5, 30]",False,0.71,22,62,9,0,5,0.45,front,10,0
0.32,0.05,0.6,0.61,8,120,0,3,"[76, 47, 26]",True,0.68,28,70,8,1,0,0.34,right,7,0
0.11,0.2,0.79,0.52,9,80,0,3,"[68, 53, 41]",True,0.94,11,29,2,3,2,0.15,forward,2,1
0.45,0.36,0.96,0.41,6,80,0,5,"[64, 78, 46, 55, 61]",True,0.7,27,53,8,1,1,0.15,forward,10,0
0.48,0.03,0.62,0.18,10,80,0,7,"[29, 88, 88, 24, 71, 73, 72]",False,0.86,29,35,4,1,3,0.29,forward,8,0
0.23,0.26,0.53,0.65,6,60,0,3,"[61, 14, 84]",True,0.79,6,57,5,1,4,0.04,forward,9,1
0.29,0.09,0.69,0.57,10,100,0,10,"[28, 84, 55, 34, 52, 49, 42, 13, 17, 67]",False,0.93,24,44,6,0,5,0.13,right,7,0
0.17,0.37,0.93,0.2,9,120,0,7,"[68, 65, 17, 79, 11, 36, 83]",True,0.89,5,20,8,1,1,0.22,right,7,1
0.3,0.13,0.97,0.55,10,60,0,9,"[71, 68, 62, 28, 11, 46, 49, 75, 39]",True,0.79,26,35,3,0,3,0.49,forward,8,0
0.23,0.05,0.9,0.79,6,50,0,9,"[68, 70, 12, 11, 25, 84, 53, 74, 73]",False,0.75,12,25,4,3,4,0.41,after,12,1
0.47,0.41,0.64,0.79,8,120,0,3,"[17, 10, 17]",False,0.77,2,23,2,3,4,0.42,left,15,1
0.31,0.48,0.84,0.76,7,60,0,2,"[88, 12]",True,0.88,22,20,9,2,2,0.26,front,1,0
0.44,0.42,0.9,0.62,10,100,0,10,"[14, 16, 61, 90, 40, 81, 31, 5, 77, 29]",True,0.72,3,59,5,2,0,0.38,front,13,1
0.17,0.07,0.74,0.78,8,120,0,7,"[71, 60, 36, 35, 83, 84, 71]",True,0.88,1,43,4,1,0,0.47,forward,5,1
0.38,0.58,0.77,0.37,6,80,0,9,"[18, 8, 73, 46, 65, 37, 17, 57, 69]",True,0.87,3,27,1,1,5,0.41,left,12,1
0.14,0.54,0.53,0.46,6,100,0,5,"[20, 55, 68, 50, 81]",False,0.79,29,19,0,0,5,0.12,front,11,0
0.45,0.16,0.94,0.31,8,80,0,9,"[10, 40, 41, 70, 81, 77, 34, 63, 76]",False,0.63,25,60,0,2,5,0.24,left,0,0
0.33,0.47,0.92,0.32,6,120,0,10,"[68, 17, 84, 5, 14, 32, 20, 77, 13, 57]",False,0.54,5,43,5,2,0,0.33,front,2,0
0.37,0.36,0.68,0.5,6,100,0,4,"[34, 48, 79, 22]",False,0.7,8,63,6,0,3,0.22,after,6,1
0.29,0.51,0.99,0.43,7,60,0,9,"[20, 25, 89, 87, 90, 56, 51, 38, 38]",True,0.88,24,59,6,1,5,0.31,after,1,0
0.35,0.03,0.94,0.6,10,80,0,7,"[8, 12, 52, 44, 80, 38, 82]",True,0.51,7,25,2,0,0,0.36,right,2,1
0.28,0.54,0.72,0.71,10,50,0,5,"[8, 10, 65, 54, 82]",False,0.72,17,43,0,0,5,0.21,after,12,1
0.36,0.03,0.74,0.36,9,120,0,7,"[55, 66, 26, 21, 18, 16, 12]",False,0.72,23,32,6,2,4,0.26,front,13,0
0.2,0.48,0.83,0.19,8,120,0,3,"[73, 78, 14]",True,0.55,13,28,8,2,0,0.3,front,5,1
0.4,0.08,0.64,0.22,7,120,0,3,"[24, 25, 44]",True,0.9,5,34,5,3,1,0.23,right,9,1
0.29,0.03,0.9,0.46,6,60,0,2,"[62, 84]",True,0.96,8,65,5,3,5,0.48,after,5,1
0.47,0.07,0.88,0.63,6,120,0,4,"[8, 10, 70, 50]",False,0.95,24,48,10,3,3,0.41,forward,3,1
0.39,0.05,0.99,0.32,8,100,0,4,"[64, 31, 41, 62]",False,0.54,18,54,1,3,2,0.11,left,6,0
0.31,0.05,0.9,0.68,9,50,0,5,"[12, 40, 21, 69, 78]",True,0.69,1,32,0,2,0,0.29,forward,15,1
0.21,0.18,0.58,0.78,9,100,0,6,"[88, 46, 11, 70, 18, 80]",True,0.71,23,48,1,2,0,0.32,after,14,0
0.23,0.47,0.84,0.26,6,100,0,5,"[22, 68, 60, 10, 19]",False,0.93,18,30,10,1,2,0.12,left,12,0
0.41,0.36,0.66,0.19,6,60,0,5,"[11, 82, 40, 22, 19]",False,0.63,11,67,7,0,5,0.2,left,10,1
0.43,0.34,0.91,0.54,8,60,0,2,"[66, 12]",True,0.84,8,57,1,0,1,0.16,after,15,1
0.33,0.3,0.92,0.61,9,80,0,3,"[42, 86, 18]",False,0.93,8,61,7,1,0,0.05,left,9,0
0.41,0.47,0.55,0.33,6,60,0,8,"[47, 17, 88, 33, 43, 20, 82, 65]",True,0.79,20,26,4,2,0,0.11,front,6,0
0.26,0.57,0.7,0.3,7,80,0,10,"[20, 59, 48, 16, 70, 46, 71, 41, 76, 50]",False,0.9,25,49,6,2,2,0.23,left,4,0
0.23,0.36,0.95,0.53,7,120,0,9,"[71, 19, 39, 74, 45, 27, 83, 30, 79]",False,0.91,15,35,9,2,3,0.43,right,10,0
0.22,0.49,0.65,0.76,10,120,0,3,"[74, 33, 81]",False,0.66,5,35,6,2,5,0.15,after,2,1
0.45,0.04,0.57,0.67,10,80,0,2,"[35, 64]",False,0.62,13,43,7,1,0,0.36,right,8,1
0.13,0.2,0.78,0.34,6,120,0,4,"[63, 9, 38, 73]",True,0.51,16,22,7,0,0,0.46,after,13,1
0.32,0.12,0.7,0.21,8,120,0,3,"[87, 57, 5]",True,0.71,2,29,1,0,3,0.23,after,10,1
0.43,0.52,0.74,0.77,9,120,0,4,"[64, 89, 51, 13]",True,0.78,25,63,1,2,5,0.47,left,10,0
0.34,0.26,0.93,0.44,8,80,0,9,"[35, 57, 73, 51, 73, 90, 61, 13, 66]",True,0.51,22,31,0,3,0,0.36,after,15,0
0.29,0.39,0.98,0.32,10,120,0,7,"[16, 50, 25, 31, 81, 33, 12]",True,0.89,26,66,4,3,0,0.19,right,4,0
0.37,0.45,0.71,0.72,10,60,0,3,"[10, 30, 62]",False,0.86,1,36,0,3,0,0.15,right,2,1
0.36,0.05,0.94,0.7,8,60,0,10,"[15, 82, 9, 21, 28, 30, 42, 8, 69, 23]",True,0.66,6,39,4,0,1,0.38,after,14,1
0.44,0.22,0.6,0.77,7,80,0,7,"[38, 32, 85, 23, 34, 17, 26]",True,0.66,29,23,0,1,5,0.07,after,0,0
0.31,0.52,0.87,0.41,8,100,0,2,"[21, 19]",False,0.58,6,30,2,3,3,0.15,front,8,1
0.21,0.51,0.74,0.68,7,60,0,9,"[85, 51, 38, 67, 62, 39, 84, 22, 25]",False,0.75,16,60,1,3,3,0.2,front,14,1
0.41,0.15,0.71,0.55,8,50,0,2,"[20, 44]",False,0.52,2,25,4,1,0,0.04,left,10,1
0.39,0.06,0.67,0.55,7,50,0,7,"[82, 51, 66, 41, 70, 40, 32]",False,0.79,25,57,4,2,5,0.02,forward,9,0
0.42,0.43,0.69,0.48,6,60,0,3,"[6, 22, 37]",False,0.85,23,27,6,0,2,0.21,after,8,0
0.43,0.31,0.83,0.71,8,100,0,5,"[47, 17, 47, 35, 46]",True,0.92,2,57,8,3,4,0.25,after,2,1
0.13,0.08,0.63,0.35,9,50,0,7,"[15, 71, 87, 47, 43, 37, 53]",False,0.67,14,41,2,0,1,0.02,front,14,0
0.46,0.39,0.88,0.62,6,60,0,8,"[18, 81, 89, 7, 82, 64, 29, 41]",False,0.83,15,54,2,3,2,0.09,right,15,0
0.15,0.43,0.93,0.46,6,80,0,7,"[63, 64, 80, 41, 14, 88, 30]",False,0.93,26,51,3,2,2,0.46,after,14,0
0.31,0.25,0.68,0.62,9,120,0,6,"[22, 62, 52, 69, 7, 82]",True,0.9,2,27,2,0,0,0.27,left,5,1
0.24,0.1,0.52,0.17,9,50,0,9,"[7, 32, 14, 15, 53, 44, 27, 84, 88]",True,0.6,6,23,3,0,5,0.32,after,14,1
0.49,0.48,0.91,0.54,8,60,0,6,"[28, 60, 74, 25, 41, 15]",True,0.79,9,39,0,1,2,0.04,right,6,1
0.27,0.18,0.65,0.13,6,120,0,9,"[58, 89, 75, 18, 52, 14, 13, 63, 39]",False,0.95,9,44,8,3,0,0.17,forward,5,0
0.23,0.07,0.7,0.39,9,60,0,7,"[35, 60, 10, 31, 21, 86, 51]",False,0.73,6,24,1,2,1,0.01,left,14,1
0.33,0.38,0.81,0.62,7,100,0,9,"[26, 51, 65, 50, 11, 85, 31, 36, 51]",True,0.91,8,25,2,0,2,0.03,right,0,1
0.17,0.53,0.8,0.11,10,100,0,8,"[29, 80, 54, 15, 67, 76, 52, 34]",True,0.65,16,35,6,1,3,0.13,right,9,0
0.34,0.54,0.87,0.12,10,100,0,5,"[70, 88, 82, 31, 74]",True,0.69,2,21,3,3,3,0.1,right,13,1
0.24,0.35,0.8,0.25,7,60,0,5,"[50, 77, 11, 6, 78]",True,0.62,10,62,0,1,5,0.24,left,10,0
0.23,0.4,0.7,0.66,9,80,0,3,"[57, 18, 33]",True,0.99,22,65,8,1,2,0.18,forward,12,1
0.24,0.11,0.65,0.63,7,80,0,2,"[44, 24]",True,0.8,15,29,1,2,1,0.15,right,3,0
0.5,0.15,0.57,0.78,10,100,0,10,"[37, 67, 61, 37, 22, 39, 24, 58, 50, 70]",True,1.0,1,68,8,1,4,0.0,right,10,1
0.11,0.49,0.96,0.56,8,80,0,7,"[33, 81, 58, 15, 86, 12, 52]",False,0.84,21,40,0,2,2,0.13,front,15,0
0.19,0.29,0.54,0.51,7,100,0,7,"[72, 24, 46, 57, 13, 11, 87]",True,0.89,29,57,3,2,4,0.13,after,9,0
0.11,0.54,0.54,0.53,8,50,0,6,"[49, 5, 80, 77, 21, 65]",True,0.62,5,25,5,3,2,0.23,right,15,1
0.43,0.1,0.55,0.19,10,100,0,8,"[68, 43, 73, 69, 64, 31, 33, 65]",False,0.71,23,59,3,2,3,0.02,after,5,0
0.47,0.03,0.6,0.34,8,80,0,3,"[21, 90, 53]",True,0.74,29,70,0,0,5,0.18,right,15,0
0.24,0.54,0.68,0.59,9,80,0,5,"[20, 28, 68, 80, 15]",True,0.88,22,38,10,0,2,0.48,after,12,0
0.23,0.48,0.8,0.66,10,120,0,8,"[74, 41, 67, 37, 70, 13, 72, 20]",False,0.55,8,32,4,0,0,0.02,forward,13,1
0.18,0.11,0.91,0.35,6,80,0,9,"[13, 87, 90, 85, 82, 42, 37, 33, 10]",True,0.5,22,44,10,0,3,0.42,right,7,0
0.18,0.33,0.72,0.73,6,60,0,6,"[38, 80, 8, 22, 42, 49]",False,0.74,8,20,8,3,0,0.49,forward,14,1
0.47,0.25,0.98,0.27,6,100,0,5,"[27, 16, 37, 53, 80]",False,0.92,23,40,1,3,5,0.45,left,9,0
0.37,0.1,0.54,0.28,10,80,0,8,"[15, 24, 25, 11, 41, 39, 80, 84]",False,0.71,22,33,5,3,5,0.0,front,15,0
0.11,0.34,0.79,0.31,6,120,0,6,"[71, 86, 76, 13, 57, 50]",True,0.77,29,70,7,3,5,0.49,after,9,0
0.31,0.29,0.97,0.58,8,60,0,6,"[68, 53, 66, 64, 38, 72]",False,0.55,5,40,1,3,1,0.26,right,8,1
0.4,0.28,0.6,0.4,9,80,0,8,"[35, 68, 88, 73, 40, 64, 54, 50]",True,0.55,4,41,7,0,3,0.12,right,11,1
0.47,0.45,0.95,0.73,10,100,0,3,"[43, 33, 15]",False,0.78,17,66,10,2,3,0.27,right,3,1
0.48,0.18,0.88,0.29,6,50,0,5,"[68, 77, 66, 47, 88]",True,0.84,16,42,1,2,5,0.09,forward,13,0
0.45,0.18,0.73,0.36,10,100,0,4,"[74, 18, 71, 14]",False,0.52,11,19,4,0,5,0.42,left,9,1
0.3,0.17,0.57,0.76,8,120,0,5,"[67, 28, 65, 49, 60]",False,0.52,5,39,3,2,3,0.07,right,6,1
0.26,0.07,0.8,0.34,10,50,0,8,"[34, 35, 84, 89, 53, 71, 11, 86]",False,0.98,23,39,9,1,0,0.43,after,3,0
0.16,0.11,0.7,0.58,7,50,0,10,"[23, 46, 35, 17, 29, 35, 51, 49, 81, 36]",True,0.7,15,21,0,3,5,0.32,forward,0,1
0.34,0.46,0.73,0.28,6,100,0,4,"[50, 64, 30, 44]",False,0.54,4,34,6,1,2,0.42,left,4,1
0.43,0.47,0.87,0.79,10,60,0,8,"[71, 77, 76, 49, 40, 60, 20, 90]",False,0.63,18,69,6,1,2,0.24,front,3,0
0.47,0.5,0.92,0.35,10,120,0,6,"[89, 9, 5, 55, 81, 60]",True,0.87,20,69,3,3,0,0.06,front,10,0
0.27,0.27,0.92,0.68,9,80,0,3,"[11, 41, 69]",False,0.67,19,61,3,2,2,0.25,right,2,0
0.23,0.48,0.81,0.78,7,50,0,10,"[71, 31, 77, 20, 26, 18, 50, 55, 55, 16]",False,0.63,17,26,9,3,3,0.39,right,5,1
0.43,0.17,0.53,0.16,6,100,0,7,"[8, 76, 23, 21, 81, 63, 15]",True,0.89,14,61,4,0,3,0.22,forward,6,0
0.35,0.29,0.93,0.57,9,50,0,3,"[38, 67, 68]",True,0.68,30,57,8,1,2,0.16,right,13,0
0.36,0.55,0.96,0.37,7,80,0,4,"[66, 24, 78, 71]",True,0.97,25,19,3,2,4,0.16,right,5,1
0.32,0.09,0.68,0.55,8,80,0,10,"[23, 63, 89, 60, 61, 68, 68, 87, 10, 90]",True,0.53,8,49,4,2,5,0.25,after,9,1
0.24,0.55,0.64,0.64,9,100,0,9,"[21, 80, 40, 90, 39, 79, 37, 14, 33]",False,0.7,7,70,8,0,3,0.34,left,2,1
0.22,0.23,0.83,0.77,8,50,0,7,"[75, 88, 36, 26, 77, 34, 24]",True,0.94,7,64,8,2,3,0.35,left,3,1
0.35,0.25,0.76,0.3,9,50,0,3,"[17, 88, 36]",False,0.74,4,55,1,3,0,0.14,after,10,1
0.2,0.32,0.7,0.69,8,120,0,8,"[16, 90, 90, 5, 55, 84, 64, 31]",True,0.63,17,30,10,2,1,0.41,right,10,1
0.25,0.24,0.63,0.67,10,120,0,5,"[87, 17, 53, 20, 26]",False,0.97,14,62,1,1,4,0.46,right,5,1
0.39,0.09,0.64,0.26,7,50,0,8,"[28, 19, 24, 62, 16, 66, 6, 88]",False,0.85,21,66,10,0,2,0.16,forward,13,0
0.33,0.17,0.56,0.67,8,80,0,10,"[55, 89, 21, 71, 59, 38, 6, 31, 18, 13]",False,0.95,20,20,1,1,4,0.27,after,11,0
0.4,0.32,1.0,0.79,7,60,0,7,"[65, 6, 54, 85, 38, 71, 9]",True,0.61,23,69,5,0,5,0.4,after,15,0
0.35,0.27,0.83,0.74,6,100,0,8,"[61, 74, 65, 17, 39, 9, 27, 9]",False,0.96,16,43,5,3,0,0.15,front,3,0
0.3,0.57,0.91,0.75,7,80,0,7,"[46, 82, 79, 5, 54, 29, 54]",False,0.91,9,43,3,0,2,0.2,right,10,0
0.26,0.15,0.58,0.72,7,80,0,4,"[68, 10, 75, 28]",True,0.74,1,54,10,2,3,0.15,right,11,1
0.1,0.25,0.98,0.38,6,100,0,8,"[30, 71, 23, 48, 11, 32, 89, 10]",True,0.82,6,66,10,3,3,0.49,left,7,1
0.41,0.3,0.8,0.34,10,50,0,7,"[37, 6, 31, 9, 61, 79, 70]",False,0.87,2,44,9,0,2,0.13,forward,12,1
0.37,0.01,0.69,0.29,10,100,0,5,"[22, 22, 80, 23, 67]",True,0.93,28,45,2,2,2,0.04,forward,9,0
0.21,0.45,0.98,0.2,10,100,0,5,"[58, 32, 24, 78, 57]",False,0.9,27,31,6,0,3,0.39,after,10,0
0.37,0.2,0.67,0.32,9,100,0,4,"[14, 29, 6, 46]",False,0.59,1,59,10,3,1,0.24,forward,8,1
0.47,0.51,0.69,0.7,8,120,0,9,"[61, 80, 49, 79, 40, 27, 12, 14, 48]",True,0.84,12,56,0,3,5,0.19,left,13,1
0.38,0.39,0.64,0.73,9,100,0,8,"[23, 15, 6, 61, 82, 28, 18, 67]",False,0.57,15,30,5,2,3,0.07,left,9,1
0.44,0.26,0.51,0.59,9,120,0,3,"[86, 24, 85]",True,0.75,16,59,2,2,2,0.27,left,3,0
0.3,0.57,0.73,0.46,6,100,0,6,"[79, 61, 14, 46, 48, 89]",True,0.68,10,52,5,2,4,0.2,forward,15,1
0.42,0.56,0.54,0.4,8,50,0,5,"[62, 89, 76, 31, 38]",False,0.53,8,57,2,1,3,0.28,front,13,1
0.2,0.09,0.79,0.48,7,100,0,10,"[78, 27, 25, 77, 75, 36, 89, 24, 8, 30]",False,0.88,4,18,9,2,2,0.36,right,2,1
0.16,0.5,0.82,0.35,7,50,0,10,"[5, 36, 75, 10, 20, 65, 88, 39, 31, 69]",True,0.7,8,35,9,1,3,0.06,left,2,1
0.41,0.21,0.82,0.47,6,80,0,10,"[32, 38, 48, 76, 61, 44, 17, 73, 81, 58]",False,0.75,13,62,9,0,4,0.06,forward,0,1
0.4,0.18,0.56,0.13,8,100,0,6,"[84, 87, 11, 55, 63, 75]",True,0.55,6,33,2,3,5,0.46,front,5,1
0.36,0.55,0.89,0.64,8,120,0,8,"[60, 33, 28, 84, 74, 28, 60, 20]",False,0.92,28,26,6,0,1,0.09,right,9,0
0.21,0.2,0.94,0.21,9,80,0,9,"[79, 90, 90, 56, 34, 30, 89, 78, 56]",False,0.61,11,56,3,1,1,0.2,after,13,0
0.17,0.28,0.88,0.63,6,100,0,10,"[32, 21, 89, 58, 17, 65, 79, 74, 64, 10]",False,0.65,21,22,4,3,5,0.43,after,8,1
0.28,0.0,0.65,0.44,10,120,0,8,"[47, 36, 31, 36, 63, 56, 86, 58]",True,0.68,21,34,1,1,0,0.03,right,14,0
0.3,0.04,0.51,0.61,10,100,0,3,"[63, 46, 24]",True,0.69,13,45,1,1,4,0.05,front,8,1
0.35,0.05,0.55,0.47,10,80,0,2,"[32, 10]",False,0.7,4,31,9,2,3,0.37,forward,0,1
0.31,0.15,0.76,0.76,6,120,0,8,"[33, 22, 7, 49, 16, 34, 83, 72]",False,0.99,24,30,4,0,3,0.25,front,3,0
0.3,0.28,0.88,0.75,7,80,0,9,"[63, 74, 11, 30, 62, 70, 85, 80, 88]",False,0.51,16,33,7,2,0,0.01,right,12,0
0.18,0.09,0.91,0.3,6,100,0,2,"[38, 30]",True,0.72,20,49,6,2,0,0.15,after,8,0
0.48,0.19,0.53,0.56,8,50,0,10,"[40, 80, 18, 46, 78, 8, 71, 67, 29, 41]",False,0.77,19,65,9,3,3,0.46,front,12,1
0.45,0.42,0.95,0.5,9,50,0,10,"[22, 43, 59, 56, 48, 45, 13, 29, 56, 83]",True,0.66,10,33,4,1,1,0.05,forward,11,1
0.4,0.35,0.73,0.31,8,60,0,5,"[85, 68, 78, 85, 24]",False,0.77,3,58,1,1,5,0.42,left,5,1
0.13,0.35,0.82,0.2,9,50,0,7,"[53, 76, 59, 73, 46, 16, 55]",False,0.53,16,69,3,2,3,0.27,right,8,0
0.13,0.18,0.69,0.18,10,80,0,9,"[65, 68, 60, 69, 55, 83, 40, 52, 44]",True,0.51,15,37,8,1,5,0.31,after,14,0
0.37,0.13,0.59,0.11,9,120,0,6,"[12, 11, 54, 83, 74, 77]",False,0.77,12,29,7,2,2,0.2,after,8,1
0.17,0.25,0.59,0.26,6,80,0,6,"[19, 34, 12, 33, 7, 69]",False,0.98,18,45,2,1,3,0.15,left,9,0
0.34,0.29,0.73,0.66,8,80,0,5,"[43, 73, 84, 75, 89]",False,0.83,20,55,4,3,1,0.33,front,5,0
0.24,0.47,0.95,0.63,8,50,0,10,"[56, 66, 39, 87, 56, 21, 30, 29, 24, 9]",True,0.61,2,29,10,3,5,0.47,after,4,1
0.39,0.11,0.98,0.5,8,60,0,8,"[11, 74, 76, 53, 47, 49, 59, 84]",False,0.62,21,21,6,1,1,0.32,front,13,0
0.19,0.44,0.91,0.54,6,120,0,10,"[79, 63, 89, 38, 25, 10, 36, 11, 83, 66]",False,0.75,30,18,6,3,2,0.37,after,8,0
0.44,0.56,0.94,0.43,9,100,0,4,"[25, 41, 58, 13]",False,0.54,23,26,5,0,1,0.17,right,2,0
0.25,0.03,0.55,0.58,9,100,0,8,"[73, 19, 17, 60, 31, 60, 77, 49]",False,0.76,26,31,1,1,5,0.27,after,4,0
0.4,0.59,0.93,0.66,7,50,0,7,"[8, 32, 50, 74, 80, 41, 8]",True,0.63,28,32,6,3,5,0.29,forward,9,0
0.34,0.2,0.56,0.39,7,80,0,3,"[25, 29, 52]",False,0.96,20,45,6,1,0,0.2,right,11,0
0.34,0.1,0.62,0.72,7,50,0,9,"[30, 15, 71, 27, 73, 11, 58, 52, 48]",True,0.76,1,47,6,2,4,0.46,after,0,1
0.28,0.23,0.95,0.29,9,120,0,4,"[59, 83, 90, 46]",False,0.71,26,18,8,1,4,0.4,after,2,0
0.39,0.45,0.54,0.56,9,50,0,3,"[40, 73, 29]",True,0.58,30,28,5,0,4,0.03,left,8,0
0.21,0.13,0.55,0.21,10,120,0,4,"[33, 84, 40, 68]",False,0.92,4,38,0,3,3,0.4,front,8,1
0.3,0.04,0.83,0.48,9,100,0,2,"[53, 39]",True,0.71,10,41,5,1,4,0.13,left,0,0
0.35,0.22,0.66,0.75,8,60,0,3,"[13, 49, 87]",False,0.94,12,21,7,3,1,0.33,after,6,1
0.36,0.08,0.74,0.23,8,80,0,3,"[89, 49, 88]",False,0.8,4,37,5,2,4,0.07,right,9,1
0.47,0.42,0.56,0.21,8,120,0,6,"[90, 81, 42, 19, 12, 89]",True,0.98,28,47,4,1,1,0.33,left,2,0
0.24,0.56,0.78,0.35,7,100,0,8,"[43, 55, 33, 40, 56, 45, 56, 33]",False,0.89,27,54,6,0,1,0.29,forward,2,0
0.13,0.38,0.68,0.29,8,100,0,6,"[11, 27, 61, 52, 47, 22]",True,0.65,1,48,6,1,5,0.38,after,6,1
0.24,0.0,0.74,0.55,10,100,0,9,"[38, 90, 77, 89, 6, 25, 64, 75, 69]",False,0.71,16,28,8,0,0,0.12,left,6,1
0.43,0.14,0.6,0.71,6,100,0,10,"[53, 44, 12, 73, 56, 90, 77, 64, 31, 15]",True,0.75,12,20,1,0,2,0.37,after,6,1
0.41,0.35,0.99,0.16,6,120,0,5,"[72, 25, 40, 59, 20]",True,0.57,26,61,3,0,3,0.33,left,1,0
0.17,0.12,0.57,0.25,7,100,0,5,"[16, 63, 82, 65, 16]",False,0.86,7,41,9,1,4,0.26,right,4,1
0.21,0.53,0.97,0.52,7,120,0,3,"[49, 34, 33]",True,0.79,15,23,10,2,2,0.45,right,6,1
0.25,0.14,0.72,0.17,9,80,0,5,"[82, 11, 70, 43, 8]",True,0.79,30,25,8,2,5,0.46,right,12,0
0.17,0.29,0.63,0.59,10,50,0,7,"[89, 44, 44, 90, 49, 13, 67]",False,0.62,21,70,4,0,2,0.25,forward,0,0
0.37,0.05,0.5,0.35,10,80,0,7,"[23, 67, 38, 86, 74, 58, 26]",False,0.62,3,56,6,3,4,0.31,left,4,1
0.43,0.13,0.55,0.8,6,60,0,3,"[5, 17, 74]",False,0.78,8,42,3,0,0,0.43,left,6,1
0.45,0.03,0.52,0.3,7,80,0,5,"[75, 58, 21, 34, 74]",True,0.7,28,43,10,1,2,0.12,after,5,0
0.22,0.53,0.92,0.13,10,100,0,5,"[52, 25, 36, 27, 79]",True,0.57,6,32,9,3,0,0.01,after,7,1
0.23,0.19,0.89,0.26,10,120,0,4,"[65, 29, 32, 78]",False,0.63,24,60,5,2,2,0.45,after,9,0
0.22,0.21,0.82,0.74,9,60,0,9,"[14, 6, 23, 78, 42, 61, 88, 26, 14]",True,0.76,29,24,6,3,2,0.34,forward,12,0
0.26,0.32,0.98,0.62,7,50,0,8,"[53, 22, 69, 44, 90, 38, 66, 10]",False,0.78,13,54,7,1,0,0.11,front,11,0
0.34,0.5,0.71,0.73,9,50,0,8,"[28, 41, 64, 19, 48, 78, 43, 82]",True,0.53,3,51,8,0,2,0.45,left,12,1
0.22,0.45,0.9,0.57,7,60,0,5,"[37, 23, 71, 68, 43]",False,0.56,3,58,6,2,0,0.24,left,3,1
0.46,0.45,0.91,0.7,7,100,0,9,"[51, 66, 26, 59, 35, 86, 47, 40, 80]",False,0.81,20,52,6,0,0,0.48,front,10,0
0.4,0.5,0.7,0.34,8,80,0,4,"[68, 26, 83, 34]",True,0.7,1,65,8,0,2,0.23,after,14,1
0.36,0.59,0.52,0.18,6,60,0,5,"[54, 19, 61, 7, 53]",True,0.76,8,47,8,3,4,0.42,right,1,1
0.47,0.19,0.77,0.68,7,100,0,2,"[26, 31]",True,0.53,8,42,3,3,1,0.13,right,8,1
0.35,0.11,0.91,0.67,6,80,0,4,"[13, 52, 45, 62]",False,0.91,1,55,5,2,1,0.13,after,5,1
0.38,0.3,0.53,0.36,7,120,0,2,"[20, 24]",False,0.54,18,41,4,2,3,0.34,forward,6,1
0.16,0.27,1.0,0.4,9,100,0,4,"[31, 28, 69, 87]",False,0.72,7,53,4,3,0,0.24,after,1,1
0.16,0.41,0.98,0.8,6,80,0,7,"[52, 41, 61, 40, 39, 42, 7]",True,0.77,11,66,6,3,5,0.48,after,7,1
0.31,0.16,0.75,0.65,9,80,0,3,"[51, 52, 5]",False,0.7,29,47,9,0,1,0.47,after,1,0
0.27,0.32,0.97,0.76,7,60,0,9,"[37, 21, 81, 70, 70, 37, 34, 40, 7]",True,0.96,29,24,1,2,5,0.08,after,10,0
0.43,0.17,0.92,0.29,9,120,0,10,"[19, 68, 21, 21, 11, 41, 10, 21, 7, 34]",False,0.67,3,67,4,3,2,0.24,right,3,1
0.14,0.46,0.54,0.13,8,50,0,7,"[51, 42, 43, 70, 60, 31, 85]",True,0.66,7,29,5,2,5,0.43,right,1,1
0.32,0.18,0.97,0.3,8,60,0,2,"[35, 41]",False,0.75,19,61,0,1,4,0.41,forward,5,0
0.23,0.01,0.9,0.51,8,100,0,2,"[65, 11]",False,0.54,10,51,2,1,2,0.37,forward,0,1
0.37,0.06,0.83,0.76,10,50,0,4,"[72, 74, 26, 79]",True,0.67,12,48,3,3,2,0.04,right,8,0
0.33,0.49,0.95,0.25,10,100,0,5,"[15, 31, 28, 62, 30]",False,0.72,28,67,0,2,1,0.39,after,4,0
0.28,0.31,0.72,0.41,8,120,0,6,"[43, 54, 19, 43, 23, 50]",True,0.83,10,63,1,1,5,0.2,forward,2,1
0.12,0.02,0.59,0.34,6,100,0,3,"[18, 53, 78]",False,0.56,10,43,5,2,4,0.09,left,13,1
0.48,0.29,0.72,0.57,10,60,0,2,"[45, 18]",True,0.58,5,36,9,1,1,0.47,left,11,1
0.1,0.26,0.85,0.41,6,100,0,10,"[78, 86, 36, 39, 64, 59, 40, 18, 90, 45]",False,0.64,19,61,0,3,1,0.37,left,11,0
0.44,0.15,0.93,0.14,9,60,0,9,"[27, 72, 40, 66, 25, 28, 67, 77, 29]",False,0.97,5,25,0,1,1,0.36,after,9,1
0.14,0.41,0.72,0.74,8,100,0,5,"[21, 8, 38, 35, 86]",True,0.79,14,33,4,1,1,0.43,right,9,1
0.19,0.5,0.59,0.75,10,60,0,9,"[82, 28, 89, 56, 19, 78, 46, 85, 35]",True,0.83,15,39,10,2,1,0.28,right,1,1
0.25,0.12,0.98,0.35,8,60,0,8,"[67, 6, 35, 55, 14, 15, 84, 61]",True,0.81,16,28,9,3,2,0.39,left,4,1
0.11,0.19,0.9,0.73,8,100,0,4,"[51, 82, 5, 31]",False,0.9,21,41,6,3,5,0.38,front,6,0
0.31,0.34,0.74,0.14,10,120,0,3,"[60, 39, 56]",False,0.79,7,44,3,3,3,0.27,right,4,1
0.34,0.43,0.66,0.32,9,120,0,4,"[70, 55, 20, 66]",True,0.53,26,22,5,2,0,0.46,after,3,0
0.23,0.18,0.91,0.28,9,100,0,4,"[22, 8, 83, 53]",True,0.84,11,25,1,0,1,0.28,left,4,0
0.3,0.41,0.73,0.34,10,80,0,3,"[88, 13, 41]",True,0.71,18,26,4,0,5,0.19,front,3,1
0.42,0.08,0.81,0.4,10,80,0,10,"[67, 17, 24, 29, 6, 32, 39, 33, 89, 22]",True,0.76,30,48,4,0,3,0.1,right,15,0
0.19,0.54,0.6,0.33,9,100,0,7,"[81, 13, 13, 36, 78, 31, 47]",True,0.6,29,57,0,2,0,0.13,forward,8,0
0.5,0.19,0.9,0.13,6,50,0,2,"[28, 68]",True,0.69,15,52,1,3,5,0.28,right,1,1
0.24,0.01,0.66,0.69,10,80,0,4,"[17, 33, 81, 17]",False,0.53,21,51,5,1,1,0.1,front,6,0
0.42,0.33,0.71,0.43,8,60,0,6,"[6, 20, 89, 32, 89, 38]",False,0.8,4,41,7,3,2,0.48,after,15,1
0.17,0.34,0.58,0.56,7,100,0,3,"[54, 7, 44]",True,0.51,22,56,9,2,3,0.43,after,10,0
0.23,0.07,0.71,0.5,10,50,0,10,"[14, 71, 82, 7, 76, 33, 19, 21, 77, 7]",True,0.66,28,44,3,0,4,0.3,right,12,0
0.16,0.04,0.99,0.12,10,50,0,7,"[15, 63, 44, 46, 61, 44, 25]",False,0.55,11,51,5,3,5,0.47,right,12,1
0.36,0.36,0.55,0.22,10,50,0,10,"[45, 8, 8, 73, 76, 73, 44, 78, 43, 41]",False,0.94,17,66,2,3,3,0.43,forward,5,1
0.12,0.08,0.91,0.22,7,60,0,8,"[42, 21, 7, 47, 78, 25, 41, 43]",True,0.88,9,48,2,1,3,0.46,front,11,1
0.26,0.26,0.56,0.65,8,60,0,5,"[14, 7, 88, 25, 69]",True,0.59,21,44,5,2,2,0.13,left,10,0
0.47,0.04,0.82,0.74,8,120,0,5,"[90, 27, 42, 7, 26]",True,0.59,25,41,8,2,0,0.25,left,6,0
0.26,0.04,0.73,0.57,10,80,0,9,"[14, 23, 78, 41, 34, 37, 79, 61, 22]",True,0.94,10,51,0,2,4,0.11,after,10,0
0.41,0.2,0.96,0.5,10,80,0,10,"[9, 72, 71, 72, 26, 14, 81, 78, 19, 31]",True,0.74,29,46,9,0,0,0.29,front,10,0
0.41,0.45,0.58,0.18,10,100,0,6,"[90, 59, 44, 46, 27, 77]",True,0.51,19,18,3,1,3,0.38,left,10,1
0.44,0.28,1.0,0.72,9,120,0,6,"[49, 53, 49, 78, 69, 68]",False,0.62,2,64,3,0,3,0.46,right,7,1
0.28,0.58,0.84,0.62,6,80,0,2,"[27, 5]",True,0.82,8,31,10,1,1,0.18,right,3,1
0.4,0.55,0.53,0.73,9,120,0,3,"[79, 70, 81]",True,0.52,5,66,1,1,4,0.44,left,13,1
0.14,0.39,0.83,0.73,10,80,0,4,"[72, 27, 38, 23]",True,0.75,10,34,6,2,4,0.21,left,3,0
0.36,0.53,0.55,0.21,6,60,0,4,"[39, 22, 28, 26]",True,0.59,14,62,3,1,1,0.21,front,0,1
0.43,0.51,0.78,0.28,10,80,0,5,"[44, 67, 83, 45, 83]",True,0.92,16,36,10,3,5,0.06,right,3,1
0.21,0.05,0.95,0.1,8,80,0,10,"[19, 59, 29, 84, 31, 86, 52, 12, 82, 86]",False,0.75,20,48,10,1,0,0.29,forward,9,0
0.41,0.31,0.77,0.75,6,80,0,9,"[37, 64, 14, 68, 69, 51, 6, 10, 57]",False,0.87,5,53,6,3,0,0.07,right,3,1
0.15,0.13,0.88,0.42,9,80,0,8,"[54, 47, 86, 77, 39, 33, 68, 67]",True,0.81,15,34,6,1,5,0.2,front,11,1
0.14,0.51,0.51,0.16,10,50,0,4,"[14, 20, 69, 48]",False,0.9,1,18,6,1,2,0.01,left,2,1
0.26,0.17,0.67,0.47,6,50,0,2,"[61, 29]",True,0.79,2,69,1,3,0,0.09,right,8,1
0.23,0.56,0.53,0.15,8,60,0,6,"[10, 22, 63, 57, 37, 13]",False,0.66,14,34,1,0,0,0.46,front,0,1
0.26,0.31,0.91,0.52,6,100,0,3,"[84, 36, 29]",True,0.79,6,60,3,3,1,0.15,forward,5,1
0.18,0.3,0.86,0.19,6,50,0,4,"[82, 28, 56, 33]",True,0.62,7,40,4,1,1,0.2,front,5,1
0.1,0.55,0.82,0.4,10,50,0,4,"[82, 66, 15, 48]",False,0.99,8,60,3,0,2,0.03,after,2,1
0.43,0.27,0.67,0.31,7,120,0,5,"[29, 40, 79, 24, 56]",True,0.51,19,36,3,0,0,0.42,after,9,0
0.22,0.41,0.53,0.59,7,100,0,9,"[10, 54, 13, 45, 37, 68, 37, 70, 90]",False,0.8,11,51,3,3,1,0.04,after,12,1
0.34,0.5,0.84,0.46,10,60,0,3,"[30, 75, 90]",True,0.79,1,28,3,2,3,0.12,left,10,1
0.26,0.34,0.51,0.4,8,80,0,10,"[23, 70, 80, 19, 24, 80, 35, 20, 73, 68]",False,0.93,18,40,4,1,0,0.35,after,9,0
0.21,0.04,0.87,0.11,9,60,0,5,"[15, 89, 67, 67, 51]",False,0.92,20,52,6,3,1,0.37,forward,8,0
0.36,0.22,0.66,0.4,8,50,0,4,"[63, 38, 86, 19]",False,0.67,29,34,8,0,0,0.44,right,6,0
0.18,0.53,0.87,0.34,9,100,0,6,"[32, 23, 8, 84, 66, 84]",False,0.72,30,63,10,1,5,0.27,right,2,0
0.22,0.44,0.57,0.43,7,120,0,5,"[86, 83, 48, 39, 79]",True,0.97,24,64,7,1,5,0.39,right,12,0
0.16,0.1,0.58,0.64,9,50,0,10,"[72, 42, 87, 43, 57, 75, 77, 90, 71, 57]",True,0.68,10,29,1,1,1,0.3,front,0,0
0.38,0.18,0.53,0.19,10,80,0,4,"[69, 73, 64, 47]",False,0.74,5,26,1,0,3,0.27,forward,0,1
0.43,0.28,0.51,0.27,10,120,0,2,"[80, 67]",False,0.51,5,48,7,3,5,0.04,front,4,1
0.12,0.32,0.55,0.56,7,60,0,5,"[73, 49, 31, 86, 15]",False,0.96,24,52,0,2,2,0.11,forward,9,0
0.18,0.06,0.54,0.79,6,50,0,10,"[55, 33, 66, 26, 85, 28, 32, 14, 63, 65]",False,0.86,4,29,0,2,1,0.07,forward,9,1
0.28,0.21,0.71,0.12,7,60,0,8,"[48, 65, 87, 72, 73, 34, 87, 55]",True,0.81,11,31,2,3,5,0.33,left,8,1
0.31,0.24,0.89,0.26,8,50,0,2,"[73, 51]",True,0.88,10,19,10,0,2,0.4,front,3,1
0.48,0.37,0.72,0.62,9,100,0,5,"[77, 23, 74, 82, 75]",True,0.94,16,44,8,1,3,0.13,front,12,0
0.41,0.24,0.78,0.26,10,60,0,9,"[66, 14, 15, 65, 40, 34, 25, 47, 40]",False,0.62,22,25,7,0,5,0.19,left,7,1
0.4,0.49,0.93,0.41,8,120,0,2,"[55, 80]",True,0.65,2,57,0,2,0,0.19,after,7,1
0.13,0.12,0.61,0.54,7,100,0,10,"[34, 20, 17, 49, 58, 48, 45, 72, 80, 76]",False,0.55,10,34,5,2,4,0.38,front,15,1
0.14,0.11,0.66,0.7,8,60,0,2,"[68, 26]",True,0.94,12,46,1,0,1,0.11,left,3,0
0.2,0.25,0.77,0.25,6,100,0,8,"[14, 85, 82, 90, 64, 59, 88, 52]",False,0.82,20,30,6,0,3,0.0,right,13,0
0.26,0.25,0.76,0.2,7,100,0,7,"[43, 47, 33, 50, 77, 59, 78]",True,0.99,5,20,7,0,5,0.36,right,7,1
0.41,0.11,0.59,0.56,6,100,0,6,"[51, 15, 51, 90, 81, 57]",True,0.89,3,24,10,2,5,0.09,after,2,1
0.46,0.39,0.82,0.25,9,50,0,8,"[19, 80, 38, 79, 33, 54, 47, 58]",False,0.51,9,48,7,3,4,0.25,right,1,1
0.45,0.02,0.93,0.11,9,50,0,6,"[76, 35, 5, 10, 83, 55]",True,0.53,1,35,7,0,4,0.22,left,8,1
0.11,0.55,0.98,0.59,9,120,0,5,"[87, 19, 84, 41, 74]",False,0.74,23,24,0,2,5,0.49,after,15,0
0.17,0.29,0.74,0.7,6,60,0,6,"[26, 20, 57, 45, 71, 72]",False,0.51,30,61,8,3,2,0.36,forward,10,0
0.15,0.33,0.82,0.15,9,120,0,8,"[16, 55, 29, 80, 51, 54, 68, 54]",False,0.62,26,66,4,2,2,0.16,forward,4,0
0.27,0.51,0.97,0.33,10,50,0,2,"[18, 48]",False,0.71,12,64,1,1,2,0.11,front,7,1
0.32,0.06,0.71,0.41,9,80,0,4,"[69, 62, 75, 42]",True,0.95,25,27,5,1,1,0.26,right,3,0
0.31,0.12,0.53,0.54,9,60,0,6,"[80, 65, 33, 51, 14, 38]",False,0.6,11,55,4,1,2,0.3,right,4,0
0.11,0.33,0.93,0.46,10,80,0,7,"[40, 50, 59, 8, 86, 74, 34]",True,0.58,2,42,9,3,3,0.27,front,7,1
0.16,0.19,0.92,0.15,6,60,0,9,"[42, 74, 22, 54, 77, 74, 68, 15, 7]",False,0.8,16,25,3,0,5,0.22,front,4,0
0.3,0.08,0.97,0.45,8,100,0,10,"[42, 24, 77, 84, 90, 20, 62, 22, 53, 82]",False,0.77,26,53,6,2,1,0.04,right,4,0
0.14,0.55,0.6,0.18,9,80,0,9,"[20, 25, 85, 71, 29, 63, 85, 16, 39]",False,0.92,12,22,8,3,1,0.3,front,11,0
0.42,0.06,0.79,0.52,10,50,0,6,"[19, 83, 57, 9, 47, 8]",False,0.95,4,70,10,1,0,0.47,right,7,1
0.25,0.39,0.59,0.26,6,80,0,9,"[36, 78, 80, 66, 39, 35, 86, 52, 67]",True,0.87,18,36,2,0,4,0.29,after,5,1
0.3,0.0,0.5,0.7,6,60,0,9,"[65, 34, 67, 24, 16, 64, 85, 88, 30]",False,0.89,9,49,9,0,4,0.39,left,14,1
0.23,0.04,0.58,0.46,7,100,0,7,"[65, 36, 9, 53, 12, 76, 65]",False,0.77,7,18,7,2,1,0.04,forward,14,0
0.36,0.09,0.91,0.22,7,80,0,9,"[55, 27, 56, 40, 54, 50, 65, 13, 55]",True,0.68,13,55,9,0,0,0.23,front,2,0
0.15,0.07,0.87,0.24,7,60,0,3,"[80, 51, 65]",True,0.51,8,51,2,1,1,0.4,left,11,1
0.31,0.31,0.68,0.65,6,50,0,3,"[63, 63, 69]",False,0.95,1,65,1,0,4,0.13,front,12,1
0.16,0.02,0.62,0.61,7,80,0,7,"[86, 52, 36, 19, 75, 44, 77]",True,0.9,4,21,8,2,1,0.25,right,8,1
0.1,0.18,0.79,0.51,10,50,0,9,"[83, 62, 58, 45, 75, 61, 48, 60, 17]",True,0.97,24,32,10,3,3,0.42,after,2,0
0.41,0.01,0.62,0.76,6,100,0,10,"[46, 42, 82, 50, 5, 14, 30, 84, 65, 61]",False,0.74,30,47,0,0,2,0.41,front,9,0
0.26,0.08,0.72,0.62,8,60,0,6,"[88, 13, 65, 76, 67, 44]",True,0.71,28,65,6,0,1,0.35,front,8,0
0.35,0.54,1.0,0.29,9,50,0,9,"[73, 56, 45, 18, 66, 47, 78, 80, 76]",True,0.83,28,65,8,1,3,0.02,front,15,0
0.25,0.31,0.77,0.26,6,80,0,10,"[5, 17, 10, 5, 80, 26, 88, 78, 41, 25]",True,0.61,26,24,10,0,1,0.01,left,12,0
0.46,0.34,0.87,0.41,10,80,0,5,"[78, 70, 76, 18, 6]",False,0.66,25,63,0,2,1,0.44,left,5,0
0.27,0.51,0.56,0.43,9,80,0,5,"[89, 87, 90, 72, 66]",False,0.87,8,50,9,1,2,0.35,front,11,1
0.49,0.18,0.55,0.49,7,100,0,5,"[58, 56, 32, 48, 35]",False,0.72,25,21,5,0,3,0.42,left,8,1
0.38,0.3,0.79,0.31,9,120,0,6,"[15, 24, 38, 80, 8, 37]",False,0.58,25,32,9,2,4,0.3,front,7,0
0.14,0.41,0.81,0.67,6,80,0,6,"[54, 21, 19, 64, 51, 20]",True,0.58,8,53,0,3,1,0.25,forward,8,1
0.38,0.21,0.6,0.29,7,120,0,5,"[16, 56, 16, 23, 64]",False,0.65,11,67,7,1,3,0.25,front,12,1
0.47,0.02,0.63,0.68,6,60,0,7,"[49, 50, 61, 64, 41, 15, 70]",True,0.6,7,57,7,0,5,0.47,forward,14,1
0.25,0.25,0.68,0.32,6,80,0,4,"[90, 80, 70, 33]",False,0.76,22,64,1,3,5,0.41,forward,11,0
0.35,0.28,0.63,0.25,6,100,0,3,"[80, 42, 33]",True,0.7,12,37,8,1,5,0.44,after,4,1
0.45,0.26,0.78,0.78,9,80,0,3,"[29, 50, 18]",False,0.82,5,64,1,0,5,0.21,forward,5,1
0.26,0.17,0.61,0.16,9,80,0,10,"[31, 87, 47, 61, 43, 38, 20, 75, 44, 16]",True,0.71,20,63,3,2,3,0.16,right,6,0
0.22,0.52,0.82,0.41,8,50,0,9,"[9, 46, 9, 84, 10, 17, 90, 61, 35]",False,0.82,14,67,5,0,4,0.08,after,1,0
0.17,0.53,0.84,0.13,6,100,0,9,"[90, 85, 76, 10, 14, 77, 19, 71, 52]",False,0.94,29,42,6,0,2,0.13,after,13,0
0.15,0.4,0.86,0.37,6,60,0,7,"[27, 10, 17, 6, 79, 28, 68]",True,0.97,22,58,7,0,4,0.32,left,8,0
0.37,0.12,0.64,0.35,7,50,0,10,"[82, 40, 51, 22, 70, 72, 25, 21, 49, 90]",False,0.96,23,21,0,1,3,0.44,left,5,0
0.3,0.48,0.84,0.71,10,100,0,9,"[58, 31, 10, 68, 27, 73, 37, 10, 49]",False,0.99,26,66,1,1,3,0.22,left,6,0
0.45,0.25,0.67,0.47,9,50,0,9,"[70, 66, 66, 24, 68, 71, 44, 63, 70]",True,0.76,10,47,0,2,0,0.11,forward,12,1
0.45,0.58,0.79,0.64,10,120,0,6,"[48, 58, 16, 51, 41, 9]",False,0.5,27,61,3,0,4,0.38,forward,6,0
0.46,0.32,0.75,0.74,6,100,0,9,"[64, 63, 35, 30, 50, 66, 62, 12, 52]",True,0.82,5,42,0,1,4,0.48,forward,7,1
0.2,0.37,0.7,0.4,10,50,0,2,"[58, 81]",False,0.76,13,21,3,3,3,0.12,forward,9,0
0.36,0.54,0.89,0.79,7,50,0,7,"[56, 71, 19, 28, 43, 70, 61]",True,0.93,13,42,4,1,4,0.01,after,6,1
0.19,0.23,0.82,0.66,6,100,0,9,"[22, 68, 85, 52, 73, 29, 40, 11, 62]",False,0.69,9,38,1,3,5,0.37,front,13,1
0.24,0.2,0.7,0.36,9,80,0,8,"[52, 63, 10, 24, 18, 55, 33, 69]",True,0.61,25,63,3,0,1,0.43,front,5,0
0.11,0.36,0.93,0.65,10,100,0,9,"[89, 43, 86, 50, 59, 58, 19, 8, 62]",True,0.69,29,46,10,0,5,0.09,front,9,0
0.14,0.42,0.63,0.52,10,60,0,6,"[69, 86, 39, 12, 74, 54]",True,0.57,11,29,5,2,1,0.39,after,12,1
0.47,0.42,0.99,0.72,8,60,0,8,"[69, 43, 64, 74, 79, 43, 79, 57]",True,0.54,1,30,8,0,4,0.11,left,2,1
0.37,0.21,0.58,0.59,6,100,0,10,"[13, 50, 82, 72, 61, 88, 82, 75, 49, 17]",True,0.59,20,38,4,3,4,0.2,left,10,0
0.25,0.3,0.74,0.19,7,80,0,3,"[79, 29, 55]",False,0.71,8,68,9,2,1,0.22,right,4,1
0.4,0.55,0.89,0.63,9,50,0,2,"[30, 75]",False,0.71,16,66,1,2,2,0.47,after,11,1
0.18,0.01,0.99,0.2,9,60,0,3,"[38, 30, 17]",True,0.72,27,69,6,1,3,0.28,left,11,0
0.29,0.39,0.55,0.2,10,80,0,5,"[29, 43, 23, 23, 74]",False,1.0,23,23,6,1,1,0.34,after,15,0
0.33,0.52,0.65,0.28,8,80,0,8,"[12, 82, 82, 75, 77, 13, 45, 25]",True,0.61,5,49,6,2,2,0.42,after,12,1
0.43,0.24,0.88,0.2,9,120,0,10,"[78, 75, 10, 37, 13, 30, 38, 78, 37, 34]",True,0.94,20,19,10,3,1,0.26,left,0,0
0.34,0.6,0.82,0.56,6,60,0,4,"[87, 83, 82, 15]",True,0.73,1,47,2,0,4,0.23,right,13,1
0.13,0.36,0.84,0.53,9,80,0,6,"[36, 66, 56, 52, 36, 84]",True,0.69,7,31,1,1,3,0.08,front,10,0
0.13,0.2,0.67,0.46,6,50,0,4,"[84, 16, 75, 17]",False,0.67,5,36,10,0,3,0.08,front,9,1
0.45,0.25,0.99,0.35,10,80,0,8,"[18, 90, 81, 55, 89, 32, 58, 32]",True,0.63,17,55,3,2,3,0.02,left,5,0
0.33,0.1,0.87,0.45,9,80,0,6,"[36, 87, 29, 44, 8, 46]",False,0.76,8,52,7,1,4,0.34,forward,12,1
0.27,0.26,0.99,0.39,8,50,0,7,"[16, 8, 42, 25, 38, 15, 75]",False,0.9,8,65,3,3,0,0.11,after,4,0
0.35,0.34,0.8,0.17,7,120,0,7,"[20, 64, 7, 30, 23, 40, 35]",False,0.57,15,27,6,2,4,0.41,left,14,1
0.12,0.23,0.98,0.75,10,60,0,2,"[65, 38]",False,0.78,23,50,7,3,3,0.34,forward,2,1
0.44,0.51,0.65,0.52,6,50,0,8,"[37, 24, 53, 72, 51, 7, 75, 80]",False,0.54,20,70,5,3,2,0.48,front,5,0
0.16,0.3,0.61,0.17,6,80,0,2,"[78, 31]",False,0.77,16,45,3,2,5,0.19,left,9,0
0.45,0.5,0.71,0.16,9,60,0,10,"[8, 58, 66, 20, 12, 60, 52, 12, 87, 62]",True,0.75,13,65,4,2,4,0.11,after,14,1
0.43,0.5,0.69,0.57,8,80,0,8,"[58, 62, 17, 81, 36, 19, 29, 18]",False,0.6,13,52,10,1,0,0.42,after,2,1
0.48,0.31,0.99,0.17,6,60,0,3,"[19, 34, 57]",True,0.98,8,51,6,0,1,0.11,right,14,1
0.18,0.17,0.71,0.53,6,50,0,2,"[7, 86]",False,0.93,1,50,1,0,4,0.38,left,9,1
0.41,0.0,0.95,0.2,7,120,0,7,"[43, 16, 62, 32, 71, 71, 67]",True,0.9,10,40,6,0,5,0.49,forward,9,1
0.23,0.41,0.53,0.18,8,60,0,3,"[80, 27, 79]",True,0.9,10,66,10,0,0,0.03,front,11,0
0.34,0.3,0.64,0.32,7,120,0,10,"[71, 41, 49, 58, 59, 72, 50, 76, 70, 50]",False,0.97,15,29,2,0,4,0.03,left,4,0
0.11,0.09,0.78,0.69,6,100,0,8,"[88, 32, 53, 49, 64, 59, 12, 32]",True,0.84,15,47,9,0,2,0.47,left,7,1
0.43,0.49,0.68,0.33,9,80,0,3,"[47, 10, 81]",False,0.69,6,27,6,1,5,0.07,right,10,1
0.32,0.12,0.61,0.46,8,80,0,6,"[38, 64, 37, 77, 27, 35]",False,0.59,5,22,4,3,5,0.31,after,15,1
0.11,0.21,0.74,0.52,7,60,0,5,"[88, 58, 34, 74, 33]",True,0.98,10,19,9,1,5,0.41,front,1,1
0.23,0.34,0.72,0.7,8,60,0,9,"[61, 19, 58, 66, 40, 50, 81, 84, 11]",False,0.77,22,60,7,2,0,0.29,forward,15,0
0.32,0.27,0.68,0.25,9,100,0,8,"[37, 42, 78, 24, 25, 32, 21, 35]",True,0.64,3,26,10,0,1,0.45,left,3,1
0.27,0.32,0.5,0.49,6,120,0,6,"[23, 67, 86, 82, 82, 13]",True,0.51,6,57,6,1,1,0.3,forward,2,1
0.16,0.5,0.88,0.21,7,100,0,3,"[38, 47, 27]",False,0.81,5,61,2,1,3,0.27,left,3,1
0.29,0.19,0.66,0.16,10,120,0,5,"[48, 25, 80, 60, 11]",False,0.66,24,55,6,2,4,0.3,right,13,0
0.16,0.5,0.59,0.65,7,80,0,6,"[18, 54, 70, 37, 83, 72]",False,0.74,4,47,10,2,0,0.29,after,7,1
0.48,0.34,0.89,0.26,7,80,0,2,"[40, 36]",False,0.7,4,18,2,2,4,0.08,left,8,1
0.3,0.01,0.79,0.24,8,80,0,2,"[49, 6]",False,0.52,22,18,9,3,1,0.34,right,3,0
0.13,0.54,0.67,0.48,9,120,0,7,"[72, 66, 7, 71, 18, 47, 29]",True,0.57,10,53,4,0,0,0.35,left,1,1
0.28,0.33,0.62,0.61,8,80,0,3,"[47, 52, 88]",False,0.53,14,32,2,3,5,0.42,after,13,1
0.19,0.13,0.51,0.77,7,50,0,7,"[20, 75, 45, 15, 17, 41, 43]",False,0.93,8,32,3,3,5,0.24,after,7,1
0.23,0.2,0.68,0.76,7,100,0,5,"[22, 86, 14, 29, 36]",False,0.51,30,69,5,0,4,0.07,left,10,0
0.47,0.03,0.69,0.77,8,120,0,6,"[46, 27, 27, 33, 34, 24]",False,0.79,14,25,10,3,3,0.11,left,1,1
0.33,0.39,0.59,0.64,10,120,0,8,"[43, 78, 77, 90, 50, 80, 65, 72]",False,0.87,3,48,4,3,0,0.29,front,11,1
0.41,0.32,0.77,0.68,10,120,0,7,"[57, 28, 49, 21, 16, 66, 10]",True,0.64,9,29,5,2,0,0.5,forward,1,1
0.31,0.03,0.88,0.56,6,60,0,6,"[38, 79, 45, 64, 70, 60]",True,0.58,16,68,3,1,3,0.5,left,9,1
0.18,0.23,0.71,0.61,8,100,0,4,"[85, 50, 47, 47]",True,0.96,17,57,3,1,0,0.43,forward,14,1
0.43,0.1,0.7,0.36,7,60,0,10,"[12, 36, 37, 89, 51, 61, 11, 35, 24, 8]",False,0.8,28,31,9,0,3,0.12,forward,6,0
0.4,0.54,0.85,0.74,7,60,0,7,"[87, 77, 6, 29, 62, 82, 51]",False,0.58,13,34,7,0,3,0.48,after,4,1
0.23,0.26,0.85,0.26,6,80,0,8,"[72, 41, 61, 60, 87, 33, 46, 33]",False,0.51,18,50,7,2,0,0.04,forward,11,0
0.34,0.35,0.77,0.64,7,120,0,5,"[13, 17, 51, 38, 73]",True,0.89,30,36,8,0,4,0.03,forward,15,0
0.38,0.47,0.68,0.55,10,80,0,3,"[45, 54, 73]",True,0.51,7,22,4,0,0,0.19,forward,13,1
0.22,0.47,0.79,0.78,6,100,0,3,"[33, 79, 54]",True,0.54,22,43,8,2,2,0.03,forward,14,0
0.39,0.52,0.6,0.56,6,80,0,8,"[27, 54, 20, 55, 12, 18, 36, 85]",True,0.56,29,70,6,0,1,0.49,front,9,0
0.19,0.08,0.84,0.55,9,60,0,8,"[82, 19, 14, 78, 36, 56, 7, 23]",False,0.6,22,61,6,2,1,0.2,left,15,0
0.16,0.05,0.87,0.46,6,80,0,2,"[77, 86]",False,0.94,16,44,2,0,3,0.3,front,10,0
0.3,0.49,0.67,0.52,10,120,0,2,"[87, 84]",True,0.74,3,58,6,3,3,0.38,after,12,1
0.37,0.51,0.64,0.37,10,80,0,6,"[14, 22, 77, 20, 35, 90]",False,0.53,1,28,6,2,2,0.17,left,14,1
0.11,0.25,0.77,0.35,6,100,0,10,"[16, 34, 87, 44, 48, 57, 79, 18, 42, 82]",False,0.98,25,59,9,1,5,0.38,after,13,0
0.45,0.33,0.97,0.16,10,50,0,2,"[54, 72]",True,0.62,3,31,3,3,4,0.28,right,3,1
0.23,0.26,0.92,0.45,6,80,0,5,"[70, 22, 7, 26, 49]",True,0.78,28,38,0,3,5,0.26,front,11,0
0.18,0.14,0.86,0.64,7,120,0,7,"[60, 62, 23, 8, 39, 43, 71]",False,0.71,25,27,9,3,1,0.37,after,8,0
0.23,0.17,0.81,0.14,8,50,0,9,"[60, 54, 30, 30, 20, 68, 37, 51, 65]",False,0.57,22,55,0,0,2,0.27,forward,10,0
0.43,0.3,1.0,0.31,9,50,0,10,"[29, 27, 59, 60, 69, 58, 24, 63, 87, 88]",True,0.64,27,51,9,0,1,0.43,forward,4,0
0.38,0.27,0.56,0.33,9,60,0,7,"[47, 83, 66, 14, 35, 46, 8]",True,0.85,22,30,4,1,4,0.21,left,0,0
0.35,0.05,1.0,0.73,9,100,0,7,"[38, 20, 80, 73, 9, 79, 63]",False,0.78,18,24,9,2,2,0.46,left,13,1
0.16,0.51,0.52,0.72,9,100,0,8,"[14, 18, 29, 43, 27, 89, 79, 74]",True,0.87,17,51,3,1,4,0.12,after,1,0
0.19,0.3,0.75,0.28,10,120,0,3,"[49, 59, 35]",False,0.54,16,35,8,3,5,0.38,left,15,1
0.39,0.38,0.69,0.3,10,60,0,6,"[35, 76, 55, 65, 78, 47]",True,0.76,17,21,3,3,4,0.03,right,4,0
0.47,0.34,0.99,0.6,10,100,0,6,"[22, 13, 50, 72, 76, 87]",False,0.89,26,41,4,0,3,0.24,right,8,0
0.45,0.57,0.72,0.54,6,60,0,4,"[53, 39, 23, 80]",False,0.94,28,44,10,2,3,0.48,right,15,0
0.23,0.04,0.71,0.39,6,100,0,10,"[12, 64, 69, 51, 43, 22, 47, 48, 46, 38]",False,0.96,23,63,7,0,0,0.03,right,0,0
0.18,0.27,0.56,0.33,7,120,0,10,"[44, 82, 41, 21, 8, 5, 72, 69, 69, 10]",True,0.56,4,24,1,2,2,0.36,right,12,1
0.48,0.06,0.52,0.22,7,80,0,6,"[9, 78, 21, 14, 46, 28]",False,0.84,27,70,2,2,0,0.34,left,0,0
0.2,0.24,0.78,0.29,6,100,0,9,"[90, 63, 64, 44, 55, 60, 58, 31, 20]",False,0.8,9,46,1,1,4,0.37,after,1,1
0.13,0.44,0.96,0.27,9,80,0,6,"[63, 47, 31, 34, 88, 74]",True,0.64,9,48,6,1,3,0.08,forward,3,1
0.47,0.29,0.89,0.3,10,120,0,4,"[88, 7, 39, 33]",False,0.53,25,26,1,2,1,0.35,front,9,0
0.11,0.11,0.59,0.6,10,50,0,2,"[25, 72]",True,0.5,26,70,0,0,5,0.03,forward,6,0
0.34,0.03,0.59,0.5,8,80,0,6,"[33, 9, 41, 81, 8, 43]",True,0.58,29,30,1,0,5,0.26,front,1,0
0.33,0.51,0.61,0.27,7,120,0,7,"[86, 87, 54, 62, 31, 45, 34]",True,0.63,29,62,0,2,3,0.38,after,2,0
0.16,0.21,0.86,0.61,9,100,0,4,"[53, 19, 46, 10]",False,0.87,21,32,6,0,4,0.1,forward,4,0
0.43,0.13,0.89,0.37,7,60,0,10,"[26, 27, 51, 27, 9, 11, 67, 52, 41, 63]",True,0.89,18,48,10,0,4,0.24,left,14,0
0.35,0.58,0.58,0.68,8,80,0,9,"[48, 80, 66, 66, 65, 20, 70, 60, 28]",False,0.62,29,58,3,0,2,0.48,after,13,0
0.4,0.3,0.73,0.37,6,60,0,10,"[51, 62, 89, 19, 35, 6, 62, 10, 16, 54]",True,0.9,20,37,4,0,2,0.04,right,6,0
0.37,0.39,0.78,0.64,9,100,0,3,"[31, 68, 77]",False,0.64,9,66,3,3,2,0.12,front,14,1
0.36,0.42,0.96,0.6,10,120,0,3,"[80, 55, 18]",False,0.57,7,48,5,0,0,0.36,right,0,1
0.15,0.32,0.74,0.52,7,80,0,4,"[5, 71, 74, 74]",True,0.61,19,54,2,1,3,0.21,left,6,1
0.3,0.44,0.59,0.22,6,80,0,6,"[24, 9, 55, 63, 75, 45]",False,0.52,4,27,4,2,2,0.12,right,10,1
0.39,0.18,0.78,0.29,7,100,0,10,"[41, 70, 59, 49, 16, 21, 48, 65, 31, 11]",True,0.95,3,63,7,1,2,0.34,front,4,1
0.21,0.42,0.8,0.54,9,80,0,8,"[87, 89, 22, 13, 32, 72, 73, 50]",True,0.85,22,50,9,2,5,0.17,after,1,1
0.38,0.57,0.66,0.42,6,80,0,5,"[40, 31, 43, 69, 64]",True,0.76,12,45,0,2,0,0.03,left,12,0
0.36,0.35,0.61,0.7,7,120,0,9,"[74, 43, 57, 75, 45, 35, 12, 80, 89]",True,0.58,4,48,0,0,4,0.28,right,3,1
0.41,0.12,1.0,0.55,7,50,0,8,"[44, 69, 33, 51, 88, 84, 56, 37]",False,0.96,21,62,10,0,4,0.3,left,3,0
0.22,0.39,0.87,0.33,8,80,0,6,"[26, 5, 13, 64, 77, 11]",False,0.84,13,51,9,0,4,0.03,front,14,0
0.49,0.44,0.81,0.18,8,60,0,7,"[36, 56, 59, 6, 5, 38, 8]",True,0.5,28,47,2,1,2,0.4,front,3,0
0.28,0.41,0.71,0.2,8,50,0,7,"[64, 29, 17, 6, 29, 12, 26]",False,0.77,11,55,7,1,2,0.02,left,10,1
0.38,0.24,0.5,0.62,8,100,0,4,"[8, 65, 23, 74]",False,0.56,13,32,5,0,2,0.07,left,8,1
0.29,0.55,0.74,0.47,7,100,0,4,"[21, 69, 75, 87]",True,0.81,27,29,2,2,3,0.03,after,14,0
0.46,0.06,0.78,0.23,9,50,0,6,"[32, 74, 90, 65, 63, 58]",True,0.6,6,63,9,2,1,0.4,forward,3,1
0.4,0.19,0.58,0.62,10,120,0,5,"[84, 89, 66, 58, 38]",False,0.54,15,18,7,2,5,0.16,after,11,1
0.25,0.41,0.67,0.58,8,60,0,8,"[53, 65, 47, 87, 10, 67, 11, 25]",False,0.7,3,20,0,2,3,0.01,right,1,1
0.25,0.47,0.93,0.45,9,60,0,4,"[59, 11, 55, 54]",False,0.55,28,57,0,2,4,0.49,right,13,0
0.25,0.47,0.72,0.58,8,60,0,8,"[42, 59, 11, 10, 46, 28, 21, 17]",False,0.85,3,53,8,0,2,0.45,left,10,1
0.19,0.15,0.51,0.21,8,120,0,6,"[81, 78, 40, 19, 87, 64]",False,0.57,7,60,4,3,0,0.01,after,8,0
0.12,0.43,0.87,0.43,8,50,0,7,"[66, 73, 58, 75, 28, 75, 79]",True,0.77,8,41,9,2,3,0.42,forward,7,1
0.15,0.04,0.8,0.42,9,60,0,9,"[32, 60, 18, 44, 30, 78, 71, 69, 38]",True,0.51,19,45,0,0,1,0.47,after,9,0
0.33,0.14,0.55,0.68,8,50,0,4,"[60, 52, 73, 19]",True,0.79,23,48,4,3,2,0.16,after,13,0
0.14,0.57,0.53,0.6,10,50,0,10,"[27, 40, 63, 11, 63, 78, 5, 7, 51, 90]",True,0.88,6,38,4,1,5,0.24,front,8,1
0.2,0.27,0.5,0.13,9,50,0,4,"[12, 23, 50, 72]",False,0.91,1,21,10,2,3,0.14,forward,4,1
0.19,0.05,0.55,0.6,8,100,0,4,"[79, 87, 69, 32]",True,0.63,15,61,4,2,1,0.21,forward,14,0
0.38,0.19,0.86,0.54,8,100,0,9,"[45, 52, 41, 46, 53, 70, 66, 21, 83]",False,0.8,30,52,9,0,4,0.43,right,2,0
0.38,0.43,0.63,0.29,8,50,0,2,"[45, 84]",True,0.59,23,64,6,0,2,0.1,front,2,0
0.47,0.06,0.62,0.74,8,50,0,5,"[87, 25, 51, 59, 74]",False,0.85,21,69,8,3,0,0.14,after,10,0
0.36,0.35,0.79,0.68,8,80,0,5,"[83, 76, 86, 43, 75]",True,0.51,12,32,7,1,5,0.31,after,8,1
0.34,0.5,0.51,0.22,10,50,0,7,"[24, 34, 72, 19, 78, 67, 61]",False,0.87,13,41,2,2,1,0.17,forward,4,1
0.25,0.32,0.78,0.48,7,100,0,6,"[74, 8, 76, 64, 51, 8]",False,0.94,28,23,1,0,5,0.15,front,12,0
0.44,0.09,0.54,0.27,6,120,0,4,"[80, 25, 72, 79]",False,0.6,18,38,0,3,5,0.04,after,13,1
0.42,0.2,0.51,0.43,10,120,0,6,"[28, 78, 56, 81, 25, 39]",False,0.5,4,55,1,1,5,0.29,right,6,1
0.33,0.31,0.8,0.79,6,100,0,10,"[14, 26, 74, 87, 18, 47, 34, 68, 44, 85]",False,0.9,15,40,8,0,1,0.39,after,3,1
0.25,0.16,0.83,0.66,6,50,0,8,"[88, 43, 71, 68, 63, 57, 40, 67]",True,0.99,22,52,1,3,5,0.03,right,3,1
0.18,0.47,0.57,0.25,8,60,0,6,"[22, 51, 80, 79, 48, 68]",False,0.81,28,45,2,3,2,0.46,front,10,0
0.46,0.2,0.94,0.25,9,80,0,3,"[41, 34, 84]",True,0.68,22,30,7,1,1,0.5,forward,15,1
0.13,0.0,0.69,0.39,8,60,0,10,"[76, 58, 25, 16, 55, 27, 24, 88, 34, 7]",True,0.73,27,33,7,0,3,0.38,left,2,0
0.29,0.52,0.66,0.35,10,80,0,5,"[55, 36, 64, 20, 81]",True,0.91,22,53,6,0,5,0.32,forward,10,1
0.42,0.52,0.89,0.75,10,50,0,4,"[26, 73, 63, 44]",False,0.56,8,22,2,1,4,0.48,left,15,1
0.2,0.11,0.9,0.32,10,80,0,3,"[40, 71, 78]",True,0.84,6,27,9,2,4,0.27,front,4,1
0.16,0.09,0.61,0.38,7,50,0,8,"[63, 47, 48, 89, 59, 71, 27, 26]",False,0.77,12,52,4,3,1,0.15,forward,10,0
0.3,0.32,0.69,0.14,8,60,0,9,"[42, 22, 25, 50, 53, 87, 16, 85, 62]",True,0.74,22,19,0,3,3,0.13,forward,8,0
